DATE,EXEC_SPEND,BIZ_SPEND,PLAT_SPEND,MMM_SPEND,DESKTOP_SPEND_DELTA,ADJUST_VS_UNIFIED_DELTA
2026-03-06,,,1403.3598379999999,,,
2026-03-06,,0.0,,,,
2026-03-05,,,,4618.344495,,
2026-03-05,,,3299.821768,,,
2026-03-05,,0.0,,,,
2026-03-04,15665.986,15665.986,18992.795843999997,20427.454747,3326.809843999996,-4761.468746999999
2026-03-03,15315.9114,15315.9114,18734.907651,20086.452142000002,3418.9962510000005,-4770.540742000001
2026-03-02,17007.4186,17007.4186,20147.415797999998,21433.717624999997,3139.9971979999973,-4426.299024999997
2026-03-01,17991.146800000002,17991.146800000002,21921.619595,23118.959188,3930.472794999998,-5127.8123879999985
2026-02-28,17017.0332,17017.033199999998,20532.686214999998,21685.9596,3515.6530149999962,-4668.926399999997
2026-02-27,18066.7663,18066.766300000003,21236.416168999996,22582.772205999998,3169.649868999997,-4516.0059059999985
2026-02-26,16626.730900000002,16626.730900000002,19476.699126,21024.868956,2849.9682259999972,-4398.138055999996
2026-02-25,16945.3269,16945.3269,19933.029349999997,21250.51746,2987.702449999997,-4305.190559999999
2026-02-24,16615.8164,16615.8164,19528.896789000002,21006.895972000002,2913.0803890000025,-4391.079572000002
2026-02-23,17231.454100000003,17231.454100000003,20294.808745000002,21684.708149000002,3063.3546449999994,-4453.254048999999
2026-02-22,17637.7355,17637.735500000003,20935.818999000003,22461.453079,3298.083499000004,-4823.717579
2026-02-21,16715.2114,16715.2114,19673.61461,21276.287820999998,2958.4032100000004,-4561.076420999998
2026-02-20,15853.2274,15853.2274,19017.016578000002,20627.366915,3163.7891780000027,-4774.139514999999
2026-02-19,16875.533900000002,16875.5339,19988.295876999997,21403.715355,3112.7619769999947,-4528.181454999998
2026-02-18,16883.8186,16883.8186,19838.99395,21476.733439,2955.1753500000013,-4592.914839000001
2026-02-17,17352.8613,17352.8613,20735.536217,22151.315064,3382.6749170000003,-4798.453763999998
2026-02-16,17908.2968,17908.2968,21332.999763999997,22693.358479,3424.7029639999964,-4785.061678999999
2026-02-15,18894.8304,18894.8304,22292.877176,23679.414238,3398.046776000003,-4784.583838000002
2026-02-14,18356.564899999998,18356.5649,21911.685567999997,23230.739676,3555.1206679999996,-4874.1747760000035
2026-02-13,17770.7601,17770.7601,21145.532014,22337.941928,3374.771914000001,-4567.181828000001
2026-02-12,17669.2623,17669.2623,21033.096822000003,22287.39789,3363.8345220000047,-4618.135590000002
2026-02-11,17950.6088,17950.6088,21223.366705,22568.335366,3272.7579049999986,-4617.726565999998
2026-02-10,17884.872499999998,17884.8725,20858.263044,22265.722122,2973.3905440000017,-4380.849622000002
2026-02-09,18769.5005,18769.500500000002,21973.039829999998,23394.060068,3203.5393299999996,-4624.559568000001
2026-02-08,18462.7515,18462.7515,21885.373411,23313.660887,3422.621911000002,-4850.909387
2026-02-07,18066.2795,18066.2795,21511.493004,22918.518138,3445.2135039999994,-4852.238637999999
2026-02-06,17827.5122,17827.512199999997,20873.743388999996,22212.771417,3046.2311889999946,-4385.259216999999
2026-02-05,17938.018,17938.018,21063.915011,22430.932373,3125.897011000001,-4492.914373
2026-02-04,17280.721100000002,17280.721100000002,19992.854536000003,21038.82194,2712.133436,-3758.100839999999
2026-02-03,17063.581700000002,17063.581700000002,19898.557247,20837.543674,2834.975546999998,-3773.961973999998
2026-02-02,16645.5877,16645.5877,19236.762576,20214.390679,2591.174876000001,-3568.802979
2026-02-01,17179.334300000002,17179.334300000002,19918.814051,20767.763947,2739.479750999999,-3588.429646999997
2026-01-31,16462.0164,16462.0164,19034.945412999998,19995.737637,2572.929012999997,-3533.721236999998
2026-01-30,18259.7921,18259.7921,21385.261104,22306.379643,3125.4690040000023,-4046.5875430000015
2026-01-29,17263.0998,17263.0998,21020.642069,22091.924929,3757.5422690000014,-4828.825129000001
2026-01-28,17148.0818,17148.0818,21255.623479,22352.815355,4107.541679000002,-5204.733554999999
2026-01-27,18673.7308,18673.7308,22404.922626000003,23483.770938,3731.191826000002,-4810.040138
2026-01-26,18336.0199,18336.0199,22398.270216999998,23665.578596,4062.250316999998,-5329.558696
2026-01-25,19164.1333,19164.1333,22804.318574999998,24363.186975,3640.185274999996,-5199.053674999999
2026-01-24,18043.4146,18043.4146,21648.946352999996,23143.203179,3605.5317529999957,-5099.788579
2026-01-23,18469.8679,18469.8679,22185.074698999997,23682.136933,3715.206798999996,-5212.2690330000005
2026-01-22,17544.5937,17544.5937,21222.192346,22664.936695,3677.5986459999986,-5120.342994999999
2026-01-21,17636.937700000002,17636.9377,21495.25087,23119.726152,3858.3131699999976,-5482.788451999997
2026-01-20,17076.853199999998,17076.8532,20641.91586,21801.123810999998,3565.0626600000032,-4724.270611
2026-01-19,16973.9072,16973.907199999998,20669.95947,21900.720124,3696.05227,-4926.812923999998
2026-01-18,17667.5899,17667.5899,21410.092923,22600.092605,3742.503023000001,-4932.502705000003
2026-01-17,17256.801,17256.801,21150.243772,22434.696678,3893.442772000002,-5177.895678000001
2026-01-16,17520.1313,17520.1313,21566.131432,22838.695126000002,4046.0001319999974,-5318.563826000001
2026-01-15,15193.3665,15193.3665,18721.898406,20139.127956,3528.531906,-4945.761456
2026-01-14,14633.6227,14633.6227,18036.678271,19368.304077,3403.055571000001,-4734.681377000001
2026-01-13,14918.054699999997,14918.0547,18296.961854,19679.332241,3378.907154000004,-4761.277541000003
2026-01-12,17695.930800000002,17695.9308,22564.067574999997,24937.790499000002,4868.136774999995,-7241.859699000001
2026-01-11,18742.858500000002,18742.858500000002,23485.456098000002,25925.33252,4742.597598,-7182.474019999998
2026-01-10,17649.010100000003,17649.0101,22467.664291999998,24838.262343,4818.6541919999945,-7189.252242999995
2026-01-09,18021.7007,18021.7007,22636.007928,24779.673072,4614.307227999998,-6757.972372
2026-01-08,18353.026,18353.026,23105.054775,25040.282642000002,4752.028774999999,-6687.256642
2026-01-07,19076.0184,19076.0184,23742.459331,25894.377803,4666.440930999997,-6818.359402999999
2026-01-06,19225.803499999998,19225.803499999998,23887.206276,25865.156032,4661.402776000003,-6639.352532000001
2026-01-05,20384.1818,20384.1818,25356.420639,27656.804511000002,4972.2388390000015,-7272.622711000004
2026-01-04,21606.3233,21606.3233,26865.115206999995,29428.407106,5258.791906999995,-7822.083805999999
2026-01-03,20398.6083,20398.6083,25644.16631,28215.275990000002,5245.558010000001,-7816.667690000002
2026-01-02,20608.6745,20608.6745,25706.08277,28112.462987,5097.40827,-7503.788486999998
2026-01-01,20768.658499999998,20768.6585,26246.167114999997,28831.613486000002,5477.508614999999,-8062.954986000004
2025-12-31,21080.953999999998,21080.954,25745.860753,27967.677131,4664.906753000003,-6886.7231310000025
2025-12-30,22143.753,22143.753000000004,27332.003002999998,29708.935586,5188.250002999997,-7565.182585999999
2025-12-29,20283.207300000002,20283.207300000002,24706.526173000006,26897.847799,4423.318873000004,-6614.640498999997
2025-12-28,22309.2759,22309.2759,27195.365962,29833.126137,4886.090061999999,-7523.850236999999
2025-12-27,20789.8698,20789.8698,25880.559314000006,28420.654348,5090.689514000005,-7630.784548
2025-12-26,20636.810800000003,20636.8108,25796.781189,28090.731541,5159.970388999998,-7453.920740999998
2025-12-25,19993.6192,19993.6192,24965.763571,26891.140588,4972.1443709999985,-6897.521387999997
2025-12-24,19063.013899999998,19063.013899999998,23445.472956,25322.669772,4382.459056000003,-6259.655872000003
2025-12-23,20830.535499999998,20830.535499999998,26102.728655,28078.968532,5272.193155000001,-7248.433032000001
2025-12-22,19931.959899999998,19931.9599,25198.569683999995,26916.743257000002,5266.609783999997,-6984.783357000004
2025-12-21,19956.977899999998,19956.977899999998,24896.94713,26537.572116,4939.969230000002,-6580.594216000001
2025-12-20,18093.2818,18093.2818,22284.356681,23824.989189,4191.0748810000005,-5731.707388999999
2025-12-19,18616.6861,18616.6861,23099.489877,24628.168803999997,4482.803777000001,-6011.482703999998
2025-12-18,18950.226599999998,18950.2266,23625.457307,25104.82819,4675.230707000002,-6154.601590000002
2025-12-17,19387.5226,19387.5226,23809.110072,24962.019913999997,4421.587471999999,-5574.497313999997
2025-12-16,19013.0531,19013.053099999997,23157.500378999997,24393.528913000002,4144.447278999996,-5380.475813000001
2025-12-15,19333.106700000004,19333.1067,23912.231181999996,25236.363763,4579.124481999992,-5903.257062999997
2025-12-14,21194.1247,21194.124700000004,26566.139151000003,27991.600658,5372.014451000003,-6797.475957999999
2025-12-13,20620.981900000002,20620.9819,26242.494385,27753.742031,5621.512484999999,-7132.760130999999
2025-12-12,19021.669899999997,19021.6699,23451.505545,24709.972117,4429.835645000003,-5688.302217000004
2025-12-11,18538.948,18538.948,23134.748609000002,24185.853894,4595.800609000002,-5646.9058939999995
2025-12-10,19246.646299999997,19246.6463,23629.807413,24744.053733999997,4383.161113000002,-5497.407434000001
2025-12-09,21102.408600000002,21102.4086,26160.012039,27338.782202,5057.603438999999,-6236.373601999996
2025-12-08,20990.5608,20990.5608,26276.885696999998,27632.463807,5286.324896999999,-6641.903007000001
2025-12-07,21942.6255,21942.6255,27524.619207,28932.481749,5581.993707000001,-6989.856249
2025-12-06,21879.487999999998,21879.487999999998,27276.394965999996,28564.263368,5396.906965999999,-6684.775368000002
2025-12-05,21381.351700000003,21381.3517,26414.785458,27566.803907999998,5033.433757999996,-6185.452207999995
2025-12-04,20494.7957,20494.7957,25510.562831,26198.338566,5015.7671310000005,-5703.542866
2025-12-03,20600.8728,20600.872799999997,26175.160331,26711.293805,5574.287530999998,-6110.421005
2025-12-02,20702.939199999997,20702.9392,26677.787301000004,27228.916688,5974.848101000007,-6525.977488000004
2025-12-01,20367.2186,20367.2186,26090.677876,26582.534285,5723.459276000001,-6215.315685000001
2025-11-30,19518.538300000004,19518.5383,24322.254487000002,24759.163078999998,4803.716186999998,-5240.624778999994
2025-11-29,20233.8311,20233.8311,26161.919626,26717.362524,5928.088526,-6483.531424000001
2025-11-28,19794.852499999997,19794.8525,25087.25395,25532.103059,5292.401450000001,-5737.250559000004
2025-11-27,19844.1369,19844.136899999998,24995.366037,25404.703549,5151.229136999998,-5560.566649
2025-11-26,19060.6905,19060.6905,23927.837099,24401.925308,4867.146599,-5341.234808000001
2025-11-25,18830.2027,18830.2027,23690.85596,24106.681293999998,4860.653259999999,-5276.4785939999965
2025-11-24,19679.2422,19679.2422,24866.947282,25285.953832,5187.705082,-5606.711631999999
2025-11-23,19773.3043,19773.3043,24892.754070000003,25394.841285,5119.449770000003,-5621.536984999999
2025-11-22,19777.616899999997,19777.6169,25417.057041,25860.685601999998,5639.440141000003,-6083.0687020000005
2025-11-21,19935.5648,19935.5648,25985.536358999998,26423.701502,6049.971558999998,-6488.136702
2025-11-20,19446.9368,19446.9368,25201.79413,25793.499653,5754.857329999999,-6346.562852999999
2025-11-19,20082.4837,20082.4837,25470.618227,25872.119281,5388.134526999998,-5789.635580999999
2025-11-18,20196.1685,20196.168500000003,25561.333357,26130.883572,5365.164857,-5934.715071999999
2025-11-17,19781.192000000003,19781.192000000003,25142.338432000004,25638.132177,5361.146432000001,-5856.940176999997
2025-11-16,21264.155600000002,21264.155600000002,27271.449679999998,27765.635987999998,6007.294079999996,-6501.480387999996
2025-11-15,19477.6102,19477.6102,24678.240619999997,25118.523788000002,5200.630419999998,-5640.913588000003
2025-11-14,20229.4322,20229.4322,26007.292792,26521.878237,5777.860592000001,-6292.4460370000015
2025-11-13,19390.7468,19390.746799999997,24607.300155999998,25019.9153,5216.553355999997,-5629.1685
2025-11-12,19353.978600000002,19353.9786,24285.319255,24692.049768,4931.340654999996,-5338.071167999999
2025-11-11,19864.9836,19864.9836,25216.228730000003,25792.983577,5351.245130000003,-5927.9999769999995
2025-11-10,19256.984600000003,19256.9846,24038.077975,24502.251501000002,4781.093374999997,-5245.266900999999
2025-11-09,21165.0054,21165.0054,26818.420938,27254.738778,5653.415538000001,-6089.733378000001
2025-11-08,21245.0156,21245.0156,27045.182013999998,27618.337064,5800.166413999999,-6373.321464000001
2025-11-07,20556.791800000003,20556.7918,26724.217954000003,27202.739991,6167.426154000001,-6645.948190999996
2025-11-06,20238.935299999994,20238.935299999997,25869.734221,26289.006816,5630.798921000005,-6050.071516000007
2025-11-05,21547.3407,21547.3407,27510.775182,27963.899367,5963.434482000001,-6416.558667000001
2025-11-04,21398.6469,21398.6469,26994.97945,27477.429868,5596.332549999999,-6078.7829679999995
2025-11-03,22350.6172,22350.6172,28423.024751999998,28919.385222999997,6072.407551999997,-6568.768022999997
2025-11-02,22632.041299999997,22632.041299999997,28662.686494,29097.303137,6030.645194000004,-6465.261837000002
2025-11-01,19929.858,19929.858,24488.142350000002,25000.826505999998,4558.284350000002,-5070.968505999997
2025-10-31,19844.108799999998,19844.1088,24155.702776,24515.288821000002,4311.593976,-4671.180021000004
2025-10-30,20041.5378,20041.5378,24442.892456,24968.596482999998,4401.354656000003,-4927.058682999999
2025-10-29,20299.3826,20299.3826,25354.673336999997,25771.457609,5055.290736999996,-5472.075009
2025-10-28,20153.2933,20153.293299999998,25055.324866,25504.946192,4902.031565999998,-5351.652891999998
2025-10-27,20801.1502,20801.1502,26087.829899999997,26469.317207,5286.679699999997,-5668.167007
2025-10-26,21907.735599999996,21907.7356,27302.313650999997,27767.355035999997,5394.578051,-5859.619436000001
2025-10-25,20485.2795,20485.279499999997,25616.683057999995,26052.336051,5131.4035579999945,-5567.056550999998
2025-10-24,21671.8261,21671.8261,27300.049326,27784.58392,5628.223226000002,-6112.7578200000025
2025-10-23,21151.4814,21151.4814,26696.503815,27129.907875999997,5545.0224149999995,-5978.426475999997
2025-10-22,21457.051399999997,21457.051399999997,26707.773394000003,27176.519048000002,5250.721994000007,-5719.467648000005
2025-10-21,21222.5176,21222.5176,26398.811721,26808.791285000003,5176.294120999999,-5586.273685000004
2025-10-20,19676.227899999998,19676.227899999998,25103.800447,25558.65206,5427.572547000003,-5882.424160000002
2025-10-19,22433.832499999997,22433.8325,28219.461201000002,28718.734582,5785.628701000005,-6284.902082000004
2025-10-18,19960.64,19960.64,25410.946550000004,25904.013121,5450.306550000005,-5943.3731210000005
2025-10-17,21122.2678,21122.2678,26279.736871,26762.674132,5157.4690709999995,-5640.406331999999
2025-10-16,20549.9556,20549.9556,25942.116073,26408.805912,5392.160473,-5858.850311999999
2025-10-15,21306.4699,21306.469900000004,26885.872203,27405.487051,5579.402302999999,-6099.017151
2025-10-14,21704.963400000004,21704.9634,27330.110922,27803.993801,5625.147521999996,-6099.030400999996
2025-10-13,22278.496499999997,22278.4965,28122.524977,28639.341574,5844.0284770000035,-6360.845074000001
2025-10-12,22547.1119,22547.1119,27947.204739,28465.159470000002,5400.092839000001,-5918.047570000002
2025-10-11,21263.1618,21263.1618,26712.35999,27173.561119,5449.198189999999,-5910.399319
2025-10-10,21512.5622,21512.5622,26860.717797999998,27362.628228,5348.155597999998,-5850.066028000001
2025-10-09,21430.808599999997,21430.808600000004,26982.971494999998,27539.395223,5552.162895000001,-6108.586623000003
2025-10-08,20447.6328,20447.6328,25604.142109,26056.006133,5156.509309000001,-5608.373333
2025-10-07,20631.2711,20631.271099999998,25958.372558000003,26418.688585,5327.101458000001,-5787.417484999998
2025-10-06,21013.802200000002,21013.802200000002,26960.90528,27583.027373,5947.103079999997,-6569.225172999999
2025-10-05,23000.6041,23000.6041,28971.780075,29516.07624,5971.175974999998,-6515.472139999998
2025-10-04,21207.629300000004,21207.629299999997,26721.889486,27371.716334,5514.260185999996,-6164.0870339999965
2025-10-03,22306.406300000002,22306.4063,27878.785283000005,28470.596045000002,5572.378983000002,-6164.189745
2025-10-02,19225.8465,19225.8465,24045.583010000002,24539.632177,4819.736510000002,-5313.785677
2025-10-01,19855.7435,19855.743499999997,25420.721704999993,26018.977065,5564.978204999992,-6163.233564999999
2025-09-30,18640.1545,18640.154499999997,23295.442709000003,23812.259257,4655.288209000002,-5172.104757000001
2025-09-29,20274.6768,20274.676799999997,25242.918174000002,25801.265039,4968.241374000001,-5526.588239000001
2025-09-28,20837.4098,20837.4098,27022.472163,27509.850398000002,6185.062362999997,-6672.440598000001
2025-09-27,19406.9563,19406.956299999998,25173.164174999998,25709.771378,5766.207874999996,-6302.815078
2025-09-26,19320.3166,19320.316600000002,24790.247611,25301.75854,5469.931011000001,-5981.441940000001
2025-09-25,17157.1416,17157.1416,21748.547913999995,22291.782475,4591.406313999996,-5134.640875000001
2025-09-24,16676.3461,16676.3461,21102.023092,21626.322523,4425.676992000001,-4949.976423
2025-09-23,16397.3881,16397.3881,20914.19458,21548.284775,4516.806479999999,-5150.896675
2025-09-22,16808.296799999996,16808.2968,21125.333316000004,21457.187385,4317.036516000007,-4648.890585000005
2025-09-21,17349.6514,17349.6514,21931.890613,22332.919572,4582.239213000001,-4983.268172
2025-09-20,16003.0088,16003.0088,20527.127489000002,20999.061697,4524.118689000003,-4996.052897000001
2025-09-19,15159.031099999998,15159.0311,19438.633876,19894.937154,4279.6027760000015,-4735.906054000001
2025-09-18,15751.4101,15751.410100000001,20467.652851,20968.975706999998,4716.242751,-5217.565606999999
2025-09-17,16424.9842,16424.9842,20989.185015000003,21457.493939,4564.200815000004,-5032.509739000001
2025-09-16,16571.6801,16571.680099999998,21470.617881000006,21977.439677,4898.937781000004,-5405.759576999997
2025-09-15,16344.553100000001,16344.5531,21053.405245,21557.884644,4708.852145000001,-5213.331544000001
2025-09-14,17583.100700000003,17583.1007,22225.623616999997,22748.210852,4642.522916999995,-5165.1101519999975
2025-09-13,16039.1677,16039.1677,20608.355910000002,21097.695277,4569.188210000002,-5058.527576999999
2025-09-12,15720.150000000001,15720.15,19732.799812,20240.657484,4012.6498119999997,-4520.507483999998
2025-09-11,14914.4392,14914.4392,19374.216462999997,19885.733061,4459.777262999996,-4971.293860999998
2025-09-10,15398.460100000002,15398.4601,19904.400711000002,20413.774127,4505.940611,-5015.3140269999985
2025-09-09,15585.502300000002,15585.5023,20147.181364,20702.143387,4561.679063999998,-5116.641086999998
2025-09-08,15814.3513,15814.3513,20336.331742,20923.501765999998,4521.980441999998,-5109.150465999997
2025-09-07,16119.7839,16119.7839,20236.343201,20762.228811,4116.559300999999,-4642.4449110000005
2025-09-06,15008.127900000001,15008.1279,19395.347710000002,19881.366388000002,4387.2198100000005,-4873.238488000001
2025-09-05,15797.9941,15797.9941,20432.089226,20989.269093,4634.095126,-5191.274992999999
2025-09-04,15554.400899999999,15554.4009,20024.126937,20540.701404,4469.726037000002,-4986.300504000001
2025-09-03,14973.4695,14973.469500000001,19438.072923,19966.314583000003,4464.6034230000005,-4992.845083000004
2025-09-02,14727.124099999997,14727.124099999999,19162.760437999998,19720.581683,4435.636338,-4993.457583000003
2025-09-01,15620.6463,15620.646299999999,20104.329244000004,20682.18896,4483.682944000004,-5061.542659999999
2025-08-31,13992.8099,13992.8099,17579.555799,18149.789636,3586.7458990000014,-4156.979736000001
2025-08-30,13597.7749,13597.7749,17330.289266,17922.996314,3732.5143659999994,-4325.221414
2025-08-29,14080.503400000001,14080.5034,17899.960557,18489.417573,3819.457156999997,-4408.914172999997
2025-08-28,14221.604000000003,14221.604,18355.819151,19057.817054,4134.215150999997,-4836.213053999996
2025-08-27,13840.866499999998,13840.8665,18266.940512999998,18812.250663,4426.0740129999995,-4971.384163000001
2025-08-26,14926.861299999997,14926.861299999999,19235.421959,19817.391707,4308.5606590000025,-4890.530407000002
2025-08-25,14891.633999999998,14891.634,19350.402124,19968.51928,4458.768124000002,-5076.885280000002
2025-08-24,14484.0373,14484.0373,19047.297039999998,19497.843155000002,4563.259739999998,-5013.805855000002
2025-08-23,14381.9343,14381.934299999999,19421.092939,19834.207558000002,5039.1586389999975,-5452.273258000001
2025-08-22,14023.325000000003,14023.325,18155.168723,18647.673938,4131.843722999996,-4624.348937999997
2025-08-21,14245.2617,14245.261700000001,18120.5867,18524.660522000002,3875.3250000000007,-4279.398822000003
2025-08-20,16278.4838,16278.4838,20606.141254000002,21226.907018,4327.657454000002,-4948.423218000002
2025-08-19,14967.0757,14967.0757,19339.393427,19853.592599,4372.317727,-4886.516899
2025-08-18,15287.5673,15287.5673,19815.264641,20271.339591,4527.697341000001,-4983.772290999999
2025-08-17,16082.836900000002,16082.836900000002,20805.922946999995,21374.438721,4723.086046999993,-5291.601820999997
2025-08-16,14550.8763,14550.8763,19108.691434,19562.404165,4557.815134,-5011.527865
2025-08-15,15550.7333,15550.7333,19921.22963,20388.13224,4370.496330000002,-4837.398939999999
2025-08-14,15095.238599999999,15095.2386,19478.279367000003,19978.185282000002,4383.040767000004,-4882.946682000003
2025-08-13,15382.5132,15382.513199999998,19994.715403000002,20506.071217,4612.202203000003,-5123.558017000001
2025-08-12,16385.7755,16385.7755,20945.858290000004,21445.585617,4560.082790000004,-5059.810117000001
2025-08-11,16222.359900000003,16222.3599,20840.1018,21423.671786,4617.741899999997,-5201.311885999996
2025-08-10,16798.664900000003,16798.6649,21731.831016,22318.99928,4933.166115999997,-5520.334379999997
2025-08-09,16028.986699999998,16028.986700000001,20928.482444999998,21434.22613,4899.495745,-5405.239430000001
2025-08-08,16268.465200000002,16268.4652,20925.342371000006,21511.824569,4656.877171000004,-5243.359368999998
2025-08-07,16030.1944,16030.1944,20924.035057,21472.685442,4893.840657000001,-5442.4910420000015
2025-08-06,16408.366400000003,16408.3664,21033.713997,21562.740968,4625.347596999996,-5154.374567999996
2025-08-05,16351.569800000001,16351.569800000001,21020.305255,21569.413561,4668.735454999998,-5217.843761
2025-08-04,16652.7568,16652.7568,21348.936814,21881.710238,4696.180014000001,-5228.9534380000005
2025-08-03,18011.7782,18011.7782,22939.495774,23510.775379,4927.717573999998,-5498.997178999998
2025-08-02,16498.671100000003,16498.6711,21355.911349,21844.677496,4857.240248999999,-5346.006395999997
2025-08-01,16612.2978,16612.2978,20970.292583000002,21409.086471,4357.994783000002,-4796.788670999998
2025-07-31,14878.223899999999,14878.2239,18992.277104,19484.300723,4114.053204000002,-4606.076823000001
2025-07-30,16098.814999999999,16098.815,20539.022288,21077.497182000003,4440.207288000001,-4978.682182000004
2025-07-29,16880.627800000002,16880.627800000002,21372.087693999998,21856.02457,4491.459893999996,-4975.396769999999
2025-07-28,16643.1237,16643.1237,21342.254704000003,21860.385573,4699.131004000003,-5217.2618729999995
2025-07-27,17054.2652,17054.2652,21716.013941,22241.744103999998,4661.748740999999,-5187.478903999996
2025-07-26,16569.1702,16569.1702,21203.776291000002,21766.202937,4634.6060910000015,-5197.032736999998
2025-07-25,16306.2973,16306.2973,21203.14602,21702.688429,4896.84872,-5396.3911290000015
2025-07-24,15727.7564,15727.7564,20487.664870999997,21052.408112,4759.908470999997,-5324.651712000001
2025-07-23,15848.7732,15848.773200000001,20552.412513,21087.031995999998,4703.639313,-5238.258795999998
2025-07-22,16189.382300000001,16189.382299999997,21060.701684,21561.986988,4871.3193839999985,-5372.604687999999
2025-07-21,16606.1686,16606.1686,21539.666504,22051.938722,4933.497904,-5445.770121999998
2025-07-20,17213.7244,17213.7244,22216.556164,22686.446532,5002.831764000002,-5472.722132000003
2025-07-19,16272.1482,16272.1482,20922.876401,21451.394472,4650.728201000002,-5179.246272
2025-07-18,17070.9017,17070.9017,22515.421834,22989.169223,5444.520134000002,-5918.267523000002
2025-07-17,16516.966,16516.966,21533.443058000004,22035.31294,5016.477058000004,-5518.346939999999
2025-07-16,16373.806600000002,16373.8066,21262.574194,21766.217456,4888.767593999999,-5392.410855999997
2025-07-15,16282.0383,16282.0383,21530.623904,22077.59474,5248.585604,-5795.55644
2025-07-14,17423.042,17423.042,22609.85975,23191.545195,5186.817749999998,-5768.5031949999975
2025-07-13,17902.115999999998,17902.116,23088.616345000002,23689.509171,5186.500345000004,-5787.393171000003
2025-07-12,16709.9245,16709.9245,21596.283039,22080.384647,4886.358539000001,-5370.460146999998
2025-07-11,16793.0206,16793.0206,21658.67661099999,22234.022891,4865.656010999992,-5441.002291000001
2025-07-10,15763.7594,15763.759399999999,20460.594334,21078.722677,4696.834934,-5314.963277000001
2025-07-09,15558.999800000001,15558.9998,20208.36145,20695.283360999998,4649.361649999999,-5136.283560999997
2025-07-08,15281.4279,15281.427899999999,19996.715322,20539.278325,4715.287421999999,-5257.850424999999
2025-07-07,15583.0854,15583.0854,20321.653689,20829.576747,4738.568288999999,-5246.491346999999
2025-07-06,16432.7899,16432.7899,21161.45228,21656.123066,4728.662380000002,-5223.333166
2025-07-05,15573.908800000001,15573.9088,20276.293815,20754.341039,4702.385015,-5180.432238999998
2025-07-04,15344.9687,15344.9687,19923.008286000004,20389.332528,4578.039586000004,-5044.363828
2025-07-03,15807.6682,15807.6682,20503.487839,21060.767032,4695.819639000001,-5253.098832
2025-07-02,15827.311899999999,15827.3119,20465.701815,20910.971805,4638.389915000002,-5083.659905000002
2025-07-01,15807.4934,15807.493400000001,20456.545389,20918.906458,4649.051989,-5111.413058000002
2025-06-30,15716.688200000002,15716.688199999999,19921.215361,20329.139922,4204.527160999996,-4612.451721999996
2025-06-29,16940.5909,16940.5909,21364.285612,21730.618437999998,4423.694712,-4790.0275379999985
2025-06-28,16415.8222,16415.822200000002,20977.93406,21402.290295,4562.111860000001,-4986.468095
2025-06-27,16657.0663,16657.0663,21493.819421,21982.319551,4836.753121000002,-5325.253251000002
2025-06-26,17262.944900000002,17262.9449,22946.910696,23516.086263,5683.965795999997,-6253.141362999999
2025-06-25,15959.395900000001,15959.3959,20810.456841,21335.823727,4851.060940999998,-5376.427826999998
2025-06-24,14214.1721,14214.1721,18436.515585,18875.032514,4222.343485000001,-4660.860413999999
2025-06-23,14567.593999999997,14567.594000000001,19137.252386,19583.459572,4569.658386000003,-5015.865572000002
2025-06-22,13888.6273,13888.6273,17965.633119,18447.903493,4077.005818999998,-4559.2761930000015
2025-06-21,13143.937,13143.937,17269.091999,17782.725982,4125.154999,-4638.788982
2025-06-20,15538.1543,15538.1543,19254.397845,19645.207456,3716.2435449999994,-4107.053156
2025-06-19,17653.7466,17653.746600000002,22550.159368,23147.491383,4896.412768000002,-5493.744783000002
2025-06-18,16292.9501,16292.9501,20911.842484,21453.718477,4618.892384000001,-5160.7683769999985
2025-06-17,16051.2644,16051.2644,20744.915081,21284.761251,4693.650680999999,-5233.496851
2025-06-16,16785.911,16785.911,21605.671056,22089.619251,4819.760055999999,-5303.708251
2025-06-15,20789.792,20789.792,26041.46313,26631.008009,5251.671129999999,-5841.216009
2025-06-14,20215.418299999998,20215.4183,25479.179485000004,26026.588906,5263.761185000007,-5811.170606000003
2025-06-13,18172.4111,18172.411099999998,22994.256731,23612.800223,4821.845631,-5440.389122999997
2025-06-12,16797.3053,16797.3053,21658.967684,22221.393423999998,4861.662383999999,-5424.088123999998
2025-06-11,16316.6547,16316.6547,21057.586854,21603.261273,4740.932154000002,-5286.606573000001
2025-06-10,15618.193300000003,15618.193299999999,20199.622168,20967.870787,4581.428867999999,-5349.677486999997
2025-06-09,16058.4663,16058.4663,20841.457939,21479.039444000002,4782.991639,-5420.573144000002
2025-06-08,16608.307,16608.307,21647.848431000002,22120.5825,5039.5414310000015,-5512.2755
2025-06-07,16063.4682,16063.4682,20979.801537,21512.229571,4916.333337,-5448.7613710000005
2025-06-06,15628.422600000002,15628.4226,20364.474005,20856.590598,4736.051404999998,-5228.167997999997
2025-06-05,16528.3496,16528.3496,21447.835290000003,21934.718128,4919.485690000001,-5406.368527999999
2025-06-04,16151.5857,16151.5857,21085.959607,21593.254134,4934.373907000001,-5441.668433999999
2025-06-03,14750.380699999998,14750.380700000002,19647.330625,20082.856721,4896.949925000001,-5332.476021000002
2025-06-02,15206.531000000003,15206.530999999999,19615.909952,20006.678298,4409.378951999999,-4800.147297999996
2025-06-01,15614.8999,15614.8999,20454.5767,20896.141627,4839.676800000001,-5281.2417270000005
2025-05-31,13094.594099999998,13094.594099999998,17413.473113,17814.378432999998,4318.879013000002,-4719.784333
2025-05-30,16378.570899999999,16378.5709,20855.144568,21222.636609999998,4476.573668000001,-4844.065709999999
2025-05-29,11989.4951,11989.4951,16338.165181,16772.453803,4348.670081,-4782.958703
2025-05-28,13623.881200000002,13623.8812,18427.239351,18892.980224000003,4803.3581509999985,-5269.099024000001
2025-05-27,15741.0736,15741.0736,20244.7791,20636.496217,4503.7055,-4895.422617
2025-05-26,16657.8934,16657.893399999997,21388.380059,21751.562777,4730.486658999998,-5093.669376999998
2025-05-25,17556.9769,17556.9769,22287.122916,22844.157818,4730.146015999999,-5287.180917999998
2025-05-24,16280.4633,16280.4633,21125.673115999998,21595.339566,4845.209815999999,-5314.876265999999
2025-05-23,16552.284200000002,16552.2842,21376.37585,21827.526373,4824.0916499999985,-5275.242172999999
2025-05-22,16458.5745,16458.5745,21126.423424,21612.622656,4667.848924000002,-5154.048156000001
2025-05-21,16209.3111,16209.3111,20707.742896999996,21159.476574,4498.431796999996,-4950.165473999999
2025-05-20,16777.699,16777.699,21691.773284000003,22131.943886,4914.074284000002,-5354.244886
2025-05-19,17056.2089,17056.208899999998,21710.597603,22187.573555000003,4654.388702999997,-5131.364655000001
2025-05-18,20797.6212,20797.6212,26832.197917999998,27266.164724,6034.576717999997,-6468.543523999997
2025-05-17,18542.855799999998,18542.8558,23730.796298,24117.661528,5187.940498000004,-5574.805728000003
2025-05-16,17073.7824,17073.7824,22100.876080000002,22481.210965000002,5027.093680000002,-5407.428565000002
2025-05-15,15742.2997,15742.2997,20285.425814000002,20715.428796,4543.126114000002,-4973.129096000001
2025-05-14,15886.254,15886.253999999999,20333.913059999995,20803.380549,4447.6590599999945,-4917.1265490000005
2025-05-13,15570.1406,15570.140600000002,20020.437556,20387.441603,4450.296956,-4817.301002999999
2025-05-12,15459.445799999998,15459.445800000001,20016.90268,20384.404404,4557.456880000002,-4924.958604000003
2025-05-11,16312.572199999997,16312.5722,21024.72661,21538.732058,4712.154410000005,-5226.1598580000045
2025-05-10,15768.997500000001,15768.9975,20362.40798,20971.540241000002,4593.410479999999,-5202.542741000001
2025-05-09,16233.192200000001,16233.1922,20977.212351000002,21633.7192,4744.020151000001,-5400.526999999998
2025-05-08,15655.7074,15655.7074,20496.829993,21037.781714,4841.122593,-5382.074314000001
2025-05-07,15406.5281,15406.5281,19769.259255999998,20470.472476,4362.731155999998,-5063.9443759999995
2025-05-06,15385.716100000001,15385.7161,20184.586274,20678.347069,4798.870174,-5292.630968999998
2025-05-05,15591.0644,15591.0644,19940.897188000003,20374.579534,4349.832788000003,-4783.515134000001
2025-05-04,16572.0238,16572.0238,21296.467016000002,21814.519508999998,4724.443216000003,-5242.495708999999
2025-05-03,15645.9316,15645.9316,20298.794967,20896.866151000002,4652.863367000002,-5250.934551000002
2025-05-02,15630.300500000001,15630.3005,20462.371424999998,21014.896374,4832.070924999996,-5384.595873999999
2025-05-01,14393.8166,14393.8166,18604.289204,19125.876527,4210.4726040000005,-4732.059927
2025-04-30,16037.6288,16037.6288,20302.557996000003,20744.953195000002,4264.929196000003,-4707.3243950000015
2025-04-29,16057.917,16057.917,20449.770003000005,20842.286632,4391.853003000006,-4784.369632
2025-04-28,15144.4592,15144.459200000001,19456.563351,19918.642046,4312.104151000001,-4774.1828460000015
2025-04-27,15122.116,15122.116,19441.247822999998,19853.514391,4319.131822999998,-4731.398391000001
2025-04-26,15299.976,15299.976,19607.121626,20096.321437,4307.1456259999995,-4796.345436999998
2025-04-25,14769.3013,14769.3013,19020.371729,19493.561073,4251.070428999999,-4724.259773000002
2025-04-24,15029.160800000001,15029.160800000001,19300.179387000004,19642.758846,4271.018587000002,-4613.598045999999
2025-04-23,14601.3464,14601.346399999999,18843.880364999997,19271.699986,4242.533964999997,-4670.353585999999
2025-04-22,15106.838099999999,15106.838099999999,19435.064952,19899.086372,4328.226852000002,-4792.2482720000025
2025-04-21,15206.806299999998,15206.8063,19474.590126,19956.398403,4267.783826000001,-4749.592103000001
2025-04-20,15742.4877,15742.4877,20117.883850000002,20458.06944,4375.396150000002,-4715.58174
2025-04-19,14961.042399999998,14961.0424,19264.418012000002,19669.041879,4303.3756120000035,-4707.999479000002
2025-04-18,15556.146700000001,15556.1467,19986.782567000002,20511.394956,4430.635867000001,-4955.248255999999
2025-04-17,15324.437300000001,15324.437300000001,19740.278642,20115.213891,4415.841342,-4790.776590999998
2025-04-16,15012.5763,15012.5763,19290.333963,19621.520218,4277.757663,-4608.943918000001
2025-04-15,15206.955100000001,15206.9551,19577.388622000002,19990.040872,4370.433522000001,-4783.085772
2025-04-14,15656.475899999998,15656.4759,20260.39716,20689.9764,4603.921260000003,-5033.500500000002
2025-04-13,16554.4142,16554.4142,21060.496403999998,21489.210905,4506.0822039999985,-4934.796705000001
2025-04-12,15678.6393,15678.6393,20181.461270000003,20663.454107,4502.821970000003,-4984.814807000001
2025-04-11,15803.2586,15803.258600000001,20309.139464,20768.623156,4505.880864000001,-4965.364556000002
2025-04-10,15364.6698,15364.6698,19710.782445,20131.906509,4346.112645000001,-4767.236709000001
2025-04-09,15445.0401,15445.040099999998,19851.660182,20268.721233999997,4406.6200819999995,-4823.681133999997
2025-04-08,14476.1175,14476.1175,18082.816687,18458.630506,3606.6991869999983,-3982.513006000001
2025-04-07,14183.6546,14183.654600000002,17911.428454000004,18311.787275,3727.7738540000046,-4128.132674999999
2025-04-06,15420.4435,15420.4435,19129.681216,19607.46312,3709.2377160000015,-4187.019620000001
2025-04-05,14978.3836,14978.383600000001,18898.545265999997,19369.340490000002,3920.161665999998,-4390.956890000003
2025-04-04,14539.367400000001,14539.3674,18266.31675,18628.872231,3726.949350000001,-4089.504831
2025-04-03,15082.118400000001,15082.118400000001,18821.560765000002,19225.268136,3739.442365000001,-4143.149735999998
2025-04-02,14715.246799999999,14715.2468,18548.270108,18924.303814,3833.0233080000016,-4209.057014
2025-04-01,14412.0893,14412.0893,18041.911381,18429.503584,3629.822081000002,-4017.4142839999986
2025-03-31,13744.7372,13744.7372,16854.520597000002,17157.722223,3109.783397000003,-3412.985023000001
2025-03-30,15038.4751,15038.4751,18356.918843,18710.778474,3318.443743,-3672.303373999999
2025-03-29,13938.697,13938.697,17341.780584,17713.960039999998,3403.083584,-3775.263039999998
2025-03-28,14021.949799999999,14021.949799999999,17532.977123,17992.736710999998,3511.027323000002,-3970.7869109999992
2025-03-27,14274.7378,14274.737799999999,17768.646044,18191.362816,3493.908244,-3916.625016
2025-03-26,13804.7808,13804.7808,17421.247465,17916.660101,3616.466665,-4111.879301000001
2025-03-25,13785.040699999998,13785.0407,17158.019233,17647.027618,3372.9785330000013,-3861.9869180000023
2025-03-24,13895.7279,13895.7279,17236.128909000003,17616.966279,3340.401009000003,-3721.2383790000004
2025-03-23,14825.6003,14825.6003,18358.206606,18756.063159,3532.6063059999997,-3930.462859000001
2025-03-22,13803.4179,13803.4179,17399.128246,17805.785686,3595.710346,-4002.367785999999
2025-03-21,14034.1377,14034.1377,17679.593012,18089.373028,3645.455312000002,-4055.2353280000025
2025-03-20,13743.4439,13743.443899999998,17510.604906,18013.84504,3767.1610060000003,-4270.40114
2025-03-19,13931.4857,13931.4857,17655.301155,18102.374904999997,3723.8154550000017,-4170.889204999998
2025-03-18,14040.276300000001,14040.276300000001,17685.974607,18163.999797,3645.6983069999987,-4123.723496999999
2025-03-17,14111.0286,14111.0286,17805.135813,18236.062239,3694.107213000001,-4125.033638999999
2025-03-16,14674.1504,14674.1504,18418.624948,18924.946244,3744.474548,-4250.795843999998
2025-03-15,13965.594599999999,13965.5946,17658.912142,18197.023353,3693.3175420000025,-4231.428753000002
2025-03-14,14328.6556,14328.655599999998,18113.278033,18572.936402,3784.6224329999986,-4244.280801999999
2025-03-13,14140.351,14140.350999999999,17909.938562000003,18602.388737,3769.5875620000024,-4462.037737000001
2025-03-12,14153.9816,14153.9816,17996.356009999996,18567.273193,3842.3744099999967,-4413.291593000002
2025-03-11,14284.1373,14284.1373,18132.602149,18666.589726,3848.464848999998,-4382.452425999998
2025-03-10,13980.915800000002,13980.915799999999,17620.690931999998,18096.353208,3639.775131999995,-4115.437407999998
2025-03-09,14432.213099999999,14432.2131,18217.723339,18802.101487,3785.510239000001,-4369.888387000001
2025-03-08,14102.296899999998,14102.2969,17936.260712999996,18467.518765,3833.9638129999985,-4365.221865000003
2025-03-07,14240.1922,14240.192200000001,18035.850910999998,18554.952464,3795.658710999998,-4314.760264000002
2025-03-06,14482.279999999999,14482.279999999999,18342.392895999998,18936.732667,3860.1128959999987,-4454.452667000001
2025-03-05,15062.1028,15062.1028,19191.237567999997,19813.170974,4129.134767999996,-4751.068174
2025-03-04,13421.175799999999,13421.175799999999,16743.671544999997,17190.811998999998,3322.4957449999984,-3769.6361989999987
2025-03-03,13107.857399999999,13107.857399999999,16485.481845,16871.402212,3377.6244449999995,-3763.544812000002
2025-03-02,14050.900000000001,14050.9,17762.560472999998,18319.069319,3711.6604729999963,-4268.169318999997
2025-03-01,13400.1375,13400.1375,17117.183219,17568.748790999998,3717.045718999998,-4168.611290999997
2025-02-28,13727.802,13727.802,17059.605282,17487.983893,3331.8032820000008,-3760.181893000001
2025-02-27,14193.592599999998,14193.5926,17689.593071,18136.71013,3496.000471000001,-3943.1175300000014
2025-02-26,14200.0491,14200.0491,18027.068326,18561.411939,3827.0192260000003,-4361.362839000001
2025-02-25,13804.431,13804.431,17626.497702,18061.610716,3822.066702,-4257.179715999999
2025-02-24,13927.784500000002,13927.7845,17403.790509,17917.890668,3476.006008999997,-3990.1061679999984
2025-02-23,15099.084299999999,15099.084299999999,18905.441882,19476.385032000002,3806.3575820000005,-4377.300732000003
2025-02-22,14937.1245,14937.124500000002,18851.692596000004,19323.881061,3914.5680960000045,-4386.756561
2025-02-21,14568.6453,14568.6453,18370.060551000002,18896.443539,3801.415251000002,-4327.798239
2025-02-20,14845.741100000001,14845.7411,18914.178072,19496.221772,4068.4369719999977,-4650.480672
2025-02-19,13622.6378,13622.6378,17711.160605,18305.368377,4088.5228050000005,-4682.730576999998
2025-02-18,13226.8551,13226.8551,17196.589348,17772.449785999997,3969.7342480000007,-4545.594685999997
2025-02-17,13857.0517,13857.0517,18019.667174,18682.029784,4162.615473999998,-4824.9780839999985
2025-02-16,15035.556299999998,15035.5563,19630.29179,20216.268667,4594.735490000001,-5180.712367000002
2025-02-15,15695.271499999999,15695.271499999999,20176.012936,20810.285052,4480.741436,-5115.013552
2025-02-14,14150.5144,14150.5144,17870.753052,18388.141539,3720.238652,-4237.627139
2025-02-13,14613.1166,14613.1166,18330.365653,18938.974156,3717.2490530000014,-4325.857556000001
2025-02-12,15702.665399999998,15702.6654,19850.559595,20469.265172,4147.894195000001,-4766.599772000001
2025-02-11,15648.8517,15648.8517,20415.652454,21206.819575,4766.800754,-5557.967875000002
2025-02-10,9698.774300000001,9698.774300000001,13557.01927,14115.886182,3858.2449699999997,-4417.111881999999
2025-02-09,6720.5165,6720.5165,9879.08844,10206.394376,3158.57194,-3485.8778760000005
2025-02-08,6831.6161999999995,6831.6162,10158.335761,10546.550104,3326.719561000001,-3714.9339040000004
2025-02-07,6823.5223,6823.5223000000005,9982.984569999999,10244.260874,3159.462269999999,-3420.738574
2025-02-06,11885.9345,11885.9345,15944.980137,16494.690781,4059.045637000001,-4608.756281000002
2025-02-05,14364.234999999999,14364.235,18756.053457,19412.473202999998,4391.818457000003,-5048.238202999999
2025-02-04,14881.200299999999,14881.200299999999,19533.26973,20200.481434999998,4652.069430000001,-5319.281134999999
2025-02-03,14308.311599999999,14308.311599999999,18806.69764,19511.984941,4498.386039999999,-5203.673341
2025-02-02,15494.132,15494.132,19980.737488,20606.875122,4486.605487999999,-5112.743122000002
2025-02-01,14578.1789,14578.178899999999,18903.097666,19492.176684,4324.918766000001,-4913.997783999997
2025-01-31,13641.316099999998,13641.3161,17073.374281999997,17546.350357,3432.058181999999,-3905.034257000001
2025-01-30,13794.377799999998,13794.3778,17427.568783,17960.247191000002,3633.1909830000004,-4165.869391000004
2025-01-29,14304.1492,14304.1492,18197.39953,18759.833047,3893.250329999999,-4455.683847
2025-01-28,14400.7916,14400.7916,18287.532658,18890.408618,3886.7410579999996,-4489.617018000001
2025-01-27,13918.017899999999,13918.017899999999,17736.243562,18431.110661,3818.2256620000007,-4513.092761
2025-01-26,14538.198999999997,14538.199,18632.426018,19118.857149,4094.2270180000014,-4580.658149000003
2025-01-25,14274.9817,14274.981699999998,18554.389462,19103.551145999998,4279.407761999999,-4828.569445999998
2025-01-24,13739.6391,13739.6391,17852.056957000004,18404.862078,4112.417857000004,-4665.222977999998
2025-01-23,13680.7148,13680.714800000002,17906.843017,18466.259559,4226.1282169999995,-4785.5447589999985
2025-01-22,13991.6682,13991.6682,17996.514309000002,18558.491037,4004.846109000002,-4566.822837
2025-01-21,14017.3146,14017.314600000002,17950.018835000003,18450.735433,3932.704235000003,-4433.420833000002
2025-01-20,14183.016699999998,14183.0167,18256.695235,18783.374468,4073.678535000001,-4600.3577680000035
2025-01-19,14719.581999999999,14719.582,18791.908356,19453.935413,4072.3263560000014,-4734.353413000001
2025-01-18,13735.023799999999,13735.023799999999,18176.770522,18795.249233000002,4441.746722,-5060.225433000003
2025-01-17,13212.8882,13212.888200000001,17208.828981,17865.584975,3995.9407809999993,-4652.696775000002
2025-01-16,13929.430300000002,13929.4303,18132.213132999997,18834.33063,4202.782832999996,-4904.900329999999
2025-01-15,14296.7425,14296.7425,18307.05334,18878.994305,4010.3108399999983,-4582.251805
2025-01-14,13819.9328,13819.932799999999,17795.929105,18414.669564,3975.9963049999988,-4594.736763999999
2025-01-13,13821.0252,13821.0252,18012.260262,18676.779971,4191.235062,-4855.754771
2025-01-12,14772.7624,14772.762400000001,19145.057624,19803.098431000002,4372.295224000001,-5030.336031000003
2025-01-11,14110.0662,14110.0662,18614.746165,19183.726795,4504.679965000001,-5073.660594999999
2025-01-10,13394.293400000002,13394.2934,17599.475122,18252.510324,4205.1817219999975,-4858.216923999997
2025-01-09,13620.854,13620.854,17927.205442,18655.292467,4306.351441999999,-5034.438467
2025-01-08,9700.907799999999,9700.907799999999,13919.750681,14532.50445,4218.8428810000005,-4831.596650000001
2025-01-07,8073.8838000000005,8073.8838,12242.025383,12805.005943,4168.141583,-4731.122143
2025-01-06,8299.986,8299.986,12564.719048,13238.020645,4264.733048,-4938.034645
2025-01-05,8827.9052,8827.9052,13241.674763,13863.760063000002,4413.769563000002,-5035.854863000002
2025-01-04,8017.362899999999,8017.362900000001,12288.230299,12934.256875,4270.867399000002,-4916.893975
2025-01-03,7623.0521,7623.052100000001,12030.415680000002,12700.770351000001,4407.363580000002,-5077.718251000001
2025-01-02,8167.7288,8167.728800000001,12524.925976999999,13218.020035,4357.197176999999,-5050.291235
2025-01-01,8696.421,8696.421,12925.054888000002,13646.981247,4228.633888000002,-4950.560246999999
