DATE,EXEC_TOTAL,EXEC_PURCHASE,EXEC_D7,BIZ_TOTAL,PLAT_TOTAL,MMM_ALL,DESKTOP_WEB_REVENUE_DELTA
,,,,,48469.55,,
,,,,,,0.0,
,,,,,58720.67,,
2026-03-06,,,,48469.549999999996,,,
2026-03-05,,,,58720.67,,,
2026-03-04,35021.623,35021.623,0.0,56695.89,56695.89,34904.667,21674.267
2026-03-03,37626.19,37626.19,367.75,58052.009999999995,58052.01,37437.446,20425.819999999992
2026-03-02,31180.316,31180.316,420.75,48051.72,48051.72,31049.622,16871.404000000002
2026-03-01,39424.931,39424.931,743.3100000000001,61156.350000000006,61156.35,39277.943999999996,21731.41900000001
2026-02-28,45026.15599999999,45026.15599999999,984.99,66699.25,66699.25,44724.645,21673.094000000012
2026-02-27,51036.222,51036.222,843.9899999999999,80198.98,80198.98000000001,50940.778999999995,29162.757999999994
2026-02-26,50528.780999999995,50528.780999999995,1141.7399999999998,81202.55,81202.54999999999,50155.199,30673.769000000008
2026-02-25,33694.761,33694.761,1121.0700000000002,54569.63,54569.62999999999,33505.975,20874.869
2026-02-24,29155.839000000007,29155.839000000007,1450.36,48346.56,48346.560000000005,29005.75,19190.72099999999
2026-02-23,29815.924999999996,29815.924999999996,1498.63,51141.31,51141.310000000005,29556.893,21325.385000000002
2026-02-22,35390.684,35390.684,1961.81,58480.21,58480.21,35244.34099999999,23089.525999999998
2026-02-21,38546.845,38546.845,1256.95,63323.009999999995,63323.009999999995,38425.901,24776.164999999994
2026-02-20,32994.729999999996,32994.729999999996,993.3599999999999,55842.520000000004,55842.520000000004,32877.921,22847.790000000008
2026-02-19,37975.138999999996,37975.138999999996,1061.78,62048.43000000001,62048.43000000001,37882.34,24073.291000000012
2026-02-18,29946.299000000003,29946.299000000003,854.6800000000002,53170.4,53170.399999999994,29787.844,23224.101
2026-02-17,30950.786,30950.786,1075.22,54249.880000000005,54249.88,30776.112999999998,23299.094000000005
2026-02-16,33411.327,33411.327,1594.93,56522.759999999995,56522.76,33162.806,23111.432999999997
2026-02-15,34469.294,34469.294,1303.66,59046.91,59046.91,34331.568999999996,24577.616
2026-02-14,40052.543,40052.543,1122.59,64350.93000000001,64350.93000000001,39913.634,24298.38700000001
2026-02-13,34342.338,34342.338,1197.37,57637.98,57637.979999999996,34169.814000000006,23295.642
2026-02-12,33395.557,33395.557,1204.75,54525.47,54525.47,33249.729,21129.913
2026-02-11,30156.239,30156.239,1200.87,51038.33,51038.329999999994,29979.072,20882.091
2026-02-10,29298.396999999997,29298.396999999997,1248.8500000000001,49730.34,49730.34,28917.358,20431.943
2026-02-09,26697.827,26697.827,705.78,45867.48000000001,45867.48,26582.987,19169.65300000001
2026-02-08,34652.797,34652.797,933.23,59435.18,59435.18000000001,34465.458,24782.383
2026-02-07,42690.58700000001,42690.58700000001,1315.3599999999997,69056.56999999999,69056.56999999999,42456.358,26365.982999999986
2026-02-06,35831.594999999994,35831.594999999994,823.9000000000001,60568.729999999996,60568.729999999996,35675.919,24737.135000000002
2026-02-05,35969.672999999995,35969.672999999995,970.55,60981.8,60981.799999999996,35798.788,25012.127000000008
2026-02-04,33574.929000000004,33574.929000000004,1743.14,52883.17,52883.17,33495.339,19308.240999999995
2026-02-03,32912.939999999995,32912.939999999995,972.8399999999999,57379.15000000001,57379.149999999994,32742.527000000002,24466.210000000014
2026-02-02,32854.215000000004,32854.215000000004,1475.1799999999998,51629.39,51629.39,32747.073,18775.174999999996
2026-02-01,40328.064,40328.064,1809.8899999999999,65766.66,65766.66,40158.257999999994,25438.596000000005
2026-01-31,45340.39399999999,45340.39399999999,1482.7199999999998,69185.52,69185.52,45175.935,23845.12600000001
2026-01-30,46863.651,46863.651,1668.42,72860.97,72860.97,46290.617,25997.319000000003
2026-01-29,45327.737,45327.737,1294.6399999999999,73399.41,73399.40999999999,45090.106,28071.673000000003
2026-01-28,35107.279,35107.279,1294.44,58173.12,58173.12,34890.935,23065.841
2026-01-27,28119.442000000003,28119.442000000003,1631.3999999999996,46435.72,46435.72000000001,27938.918,18316.278
2026-01-26,30851.197,30851.197,1356.3899999999999,50054.22,50054.219999999994,30673.176,19203.023
2026-01-25,38411.344000000005,38411.344000000005,2281.2999999999997,60941.13,60941.13000000001,38215.209,22529.785999999993
2026-01-24,41063.416,41063.416,1537.83,64059.11,64059.11000000001,40734.295,22995.694000000003
2026-01-23,33274.14399999999,33274.14399999999,1096.9299999999998,57345.15,57345.15,33027.643000000004,24071.00600000001
2026-01-22,32566.233,32566.233,1389.83,55288.2,55288.200000000004,32260.161,22721.966999999997
2026-01-21,28250.198000000004,28250.198000000004,857.13,46395.740000000005,46395.73999999999,28043.296000000002,18145.542
2026-01-20,30295.225,30295.225,1189.1200000000001,50957.86,50957.86,30215.644,20662.635000000002
2026-01-19,29219.594,29219.594,1236.9899999999998,50357.16,50357.16,29009.645999999997,21137.566000000003
2026-01-18,32938.299,32938.299,633.35,57736.350000000006,57736.35,32672.288,24798.051000000007
2026-01-17,37450.586,37450.586,1346.92,62818.05,62818.05,37205.997,25367.464
2026-01-16,33015.072,33015.072,1579.9999999999998,58017.31999999999,58017.32000000001,32890.671,25002.247999999992
2026-01-15,36313.682,36313.682,882.52,59130.49,59130.490000000005,36107.176,22816.807999999997
2026-01-14,30238.067,30238.067,1188.6799999999998,48011.08,48011.079999999994,29956.939,17773.013000000003
2026-01-13,32296.277000000002,32296.277000000002,1264.1499999999999,50258.12,50258.119999999995,32199.936,17961.843
2026-01-12,30177.600000000002,30177.600000000002,1077.8200000000002,48531.75,48531.75,30114.661999999997,18354.149999999998
2026-01-11,36976.768,36976.768,1111.4299999999998,54649.28,54649.28,36745.547,17672.512000000002
2026-01-10,38605.026999999995,38605.026999999995,1284.0,59800.450000000004,59800.450000000004,38538.17,21195.42300000001
2026-01-09,30918.465999999997,30918.465999999997,1312.9300000000003,49298.54,49298.54,30665.239999999998,18380.074000000004
2026-01-08,31868.655,31868.655,1160.3200000000002,54806.38,54806.380000000005,31701.288,22937.725
2026-01-07,27898.445,27898.445,1099.3200000000002,50583.55,50583.55,27748.701,22685.105000000003
2026-01-06,30402.412000000004,30402.412000000004,1365.25,52730.16,52730.159999999996,30158.589,22327.748
2026-01-05,26916.732,26916.732,1683.4300000000003,48741.46,48741.46000000001,26730.229,21824.728
2026-01-04,32641.122000000003,32641.122000000003,1950.32,57754.979999999996,57754.98,32570.603,25113.857999999993
2026-01-03,39980.157999999996,39980.157999999996,1505.6599999999999,70721.94,70721.94,39842.759,30741.782000000007
2026-01-02,40968.592000000004,40968.592000000004,1143.75,76243.02,76243.02,40764.661,35274.428
2026-01-01,49113.47899999999,49113.47899999999,2199.2799999999997,87015.3,87015.3,48915.442,37901.82100000001
2025-12-31,33324.603,33324.603,1907.01,59271.51,59271.51,33051.015,25946.907
2025-12-30,33173.309,33173.309,1464.5800000000002,58120.770000000004,58120.770000000004,32917.215000000004,24947.461000000003
2025-12-29,31106.760000000006,31106.760000000006,1539.41,57063.939999999995,57063.94000000001,31020.046,25957.17999999999
2025-12-28,38737.024,38737.024,2116.77,69985.81,69985.81,38574.488,31248.786
2025-12-27,48014.658,48014.658,1958.09,81589.72,81589.72,47599.929,33575.062
2025-12-26,41255.562000000005,41255.562000000005,2114.5000000000005,76305.34,76305.34,41186.532,35049.77799999999
2025-12-25,50582.381,50582.381,2369.7,85378.99,85378.99,50307.151000000005,34796.609000000004
2025-12-24,34995.739,34995.739,1315.12,57713.53,57713.53,34860.026999999995,22717.790999999997
2025-12-23,33766.898,33766.898,1177.4399999999998,54765.93,54765.93,33620.891,20999.032
2025-12-22,30650.731,30650.731,1197.93,51009.729999999996,51009.729999999996,30615.428,20358.998999999996
2025-12-21,34610.874,34610.874,1279.9899999999998,57859.4,57859.40000000001,34512.927,23248.525999999998
2025-12-20,39024.981,39024.981,1071.6799999999998,62374.3,62374.3,38814.606,23349.319000000003
2025-12-19,35158.403,35158.403,950.38,58341.79,58341.79,35006.0,23183.387000000002
2025-12-18,40570.78999999999,40570.78999999999,2129.88,66715.25,66715.25,40325.56,26144.460000000006
2025-12-17,30196.607999999997,30196.607999999997,709.65,51061.58,51061.58,30057.358,20864.972000000005
2025-12-16,25661.187,25661.187,1273.2199999999998,45174.16,45174.15999999999,25601.683,19512.973
2025-12-15,30087.911000000004,30087.911000000004,1196.2599999999998,53711.77,53711.77000000001,30006.024000000005,23623.858999999993
2025-12-14,33392.135,33392.135,921.97,59966.54,59966.54000000001,33106.047000000006,26574.405
2025-12-13,35851.549999999996,35851.549999999996,1333.1199999999997,61935.23,61935.23,35744.966,26083.680000000008
2025-12-12,31149.292999999998,31149.292999999998,1068.5400000000002,60583.43000000001,60583.43000000001,31061.415,29434.13700000001
2025-12-11,33449.734000000004,33449.734000000004,796.7,57179.299999999996,57179.3,33378.558999999994,23729.56599999999
2025-12-10,30494.636999999995,30494.636999999995,730.46,51719.659999999996,51719.66,30320.603,21225.023
2025-12-09,29419.713999999996,29419.713999999996,1342.1699999999998,48621.869999999995,48621.87,29219.388,19202.156
2025-12-08,26444.196999999996,26444.196999999996,1427.71,47959.770000000004,47959.770000000004,26177.148999999998,21515.573000000008
2025-12-07,31833.543,31833.543,1464.61,51114.200000000004,51114.2,31697.184,19280.657000000003
2025-12-06,36302.867,36302.867,1337.3700000000001,56410.12,56410.12,36097.065,20107.253000000004
2025-12-05,31890.211,31890.211,1558.0400000000002,54767.14,54767.14,31829.878,22876.929
2025-12-04,31039.415,31039.415,1121.19,55198.719999999994,55198.72,30858.838,24159.304999999993
2025-12-03,26113.865,26113.865,1707.9399999999998,48801.229999999996,48801.23,26010.137,22687.364999999994
2025-12-02,36899.845,36899.845,1045.46,63844.53000000001,63844.53,36727.289,26944.685000000012
2025-12-01,48053.492999999995,48053.492999999995,981.0200000000002,87736.4,87736.4,47854.793999999994,39682.907
2025-11-30,44550.80100000001,44550.80100000001,1675.76,78265.94,78265.94,44351.512,33715.138999999996
2025-11-29,55916.931,55916.931,798.7700000000001,91455.56999999999,91455.57,55682.507000000005,35538.638999999996
2025-11-28,41880.84500000001,41880.84500000001,1159.07,76846.23999999999,76846.23999999999,41603.015999999996,34965.39499999998
2025-11-27,38237.48299999999,38237.48299999999,1992.0700000000002,66370.23000000001,66370.23,38049.55499999999,28132.747000000018
2025-11-26,35546.935000000005,35546.935000000005,1144.35,57376.159999999996,57376.16,35418.518000000004,21829.22499999999
2025-11-25,32268.377999999997,32268.377999999997,1427.7700000000002,52807.59,52807.58999999999,32019.354000000003,20539.212
2025-11-24,29361.201999999997,29361.201999999997,818.7199999999999,47525.44,47525.44,29211.905,18164.238000000005
2025-11-23,36777.64399999999,36777.64399999999,1453.49,56304.979999999996,56304.98,36736.751000000004,19527.336000000003
2025-11-22,40486.984,40486.984,1258.53,63926.0,63926.0,40376.897,23439.016000000003
2025-11-21,39720.698,39720.698,899.4599999999999,62442.81,62442.810000000005,39658.848,22722.112
2025-11-20,43387.674,43387.674,892.2399999999999,68149.83,68149.83,43130.732,24762.156000000003
2025-11-19,29266.884,29266.884,855.4399999999999,49076.840000000004,49076.84,29210.666,19809.956000000006
2025-11-18,29439.938000000006,29439.938000000006,1312.65,49017.09,49017.09000000001,29255.466,19577.15199999999
2025-11-17,29043.209,29043.209,702.5400000000001,50217.63,50217.630000000005,28780.018999999997,21174.421
2025-11-16,35165.666000000005,35165.666000000005,1126.37,54239.74,54239.740000000005,35067.747,19074.073999999993
2025-11-15,39258.162,39258.162,1182.8,62450.67,62450.67,39052.794,23192.508
2025-11-14,35529.125,35529.125,1444.3999999999996,60537.09999999999,60537.1,35437.75,25007.97499999999
2025-11-13,38085.909,38085.909,1196.3299999999997,64424.100000000006,64424.1,37939.794,26338.191000000006
2025-11-12,28924.064000000002,28924.064000000002,1544.57,52567.24,52567.24,28729.653,23643.175999999996
2025-11-11,33720.25,33720.25,1878.3999999999999,60846.18000000001,60846.17999999999,33650.385,27125.930000000008
2025-11-10,31001.101,31001.101,1401.48,56462.47,56462.47,30813.746,25461.369000000002
2025-11-09,36211.071,36211.071,912.1,63250.07,63250.07,36056.055,27038.998999999996
2025-11-08,45715.799000000006,45715.799000000006,1105.43,73218.73,73218.73,45511.799000000006,27502.93099999999
2025-11-07,49996.926999999996,49996.926999999996,2027.4599999999998,79965.56,79965.56,49792.042,29968.633
2025-11-06,46259.16100000001,46259.16100000001,1678.76,78461.0,78461.00000000001,46028.47,32201.838999999993
2025-11-05,26249.648999999998,26249.648999999998,928.3,48775.68,48775.68,26050.479,22526.031000000003
2025-11-04,29306.370000000003,29306.370000000003,1002.5799999999999,51821.11,51821.11,29198.461000000003,22514.739999999998
2025-11-03,28078.833000000002,28078.833000000002,1164.6200000000001,48645.520000000004,48645.52,27983.675,20566.687
2025-11-02,32571.164000000004,32571.164000000004,1198.55,56847.97,56847.97,32563.377999999997,24276.805999999997
2025-11-01,42470.81,42470.81,1268.51,65584.57,65584.57,42269.896,23113.76000000001
2025-10-31,48456.912,48456.912,1329.5299999999997,81876.79000000001,81876.79000000001,48277.849,33419.87800000001
2025-10-30,57619.278000000006,57619.278000000006,1360.17,94510.37000000001,94510.37,57360.562000000005,36891.092000000004
2025-10-29,34655.781,34655.781,1515.3999999999999,56935.66,56935.66,34475.963,22279.879
2025-10-28,26710.488000000005,26710.488000000005,1109.75,45016.74,45016.74,26585.71,18306.251999999993
2025-10-27,26408.45,26408.45,1239.88,49924.450000000004,49924.450000000004,26355.73,23516.000000000004
2025-10-26,28234.861,28234.861,2161.83,48656.45,48656.45,28194.900999999998,20421.588999999996
2025-10-25,29789.19,29789.19,2342.1600000000003,52060.19,52060.189999999995,29674.319999999996,22271.000000000004
2025-10-24,32393.007,32393.007,1389.8700000000003,56782.27999999999,56782.28,32166.533,24389.27299999999
2025-10-23,29593.344999999998,29593.344999999998,1373.9099999999999,49046.46,49046.45999999999,29528.689,19453.115
2025-10-22,31158.237999999998,31158.237999999998,1119.38,50868.170000000006,50868.17,30975.234,19709.932000000008
2025-10-21,34026.026,34026.026,1786.21,53880.9,53880.9,33803.697,19854.874000000003
2025-10-20,35497.699,35497.699,2257.32,56249.87,56249.869999999995,35273.709,20752.171000000002
2025-10-19,34107.511999999995,34107.511999999995,1555.3300000000002,54322.020000000004,54322.020000000004,33973.528,20214.50800000001
2025-10-18,37097.328,37097.328,1553.8600000000001,56878.229999999996,56878.229999999996,36967.337999999996,19780.901999999995
2025-10-17,34803.882,34803.882,1686.6700000000003,57941.36,57941.35999999999,34745.75399999999,23137.478000000003
2025-10-16,34932.740999999995,34932.740999999995,1062.98,58777.17,58777.170000000006,34829.822,23844.429000000004
2025-10-15,33054.655,33054.655,1298.2299999999998,55844.259999999995,55844.259999999995,33034.675,22789.604999999996
2025-10-14,32032.817,32032.817,1556.15,55180.43,55180.43,32032.816999999995,23147.613
2025-10-13,35188.876,35188.876,1657.2700000000002,60791.65,60791.65,35047.102999999996,25602.774000000005
2025-10-12,30385.015,30385.015,2183.41,54689.95,54689.950000000004,30153.000000000004,24304.934999999998
2025-10-11,34744.933,34744.933,1868.6399999999999,62952.61,62952.61,34480.520000000004,28207.677000000003
2025-10-10,38076.943,38076.943,1397.3300000000002,63873.45,63873.45,37923.387,25796.506999999998
2025-10-09,46585.520000000004,46585.520000000004,883.8,71688.24,71688.24,46407.568,25102.72
2025-10-08,37432.794,37432.794,2124.47,56935.07,56935.07,37170.496,19502.275999999998
2025-10-07,38806.289,38806.289,2238.21,58219.689999999995,58219.689999999995,38473.102,19413.400999999998
2025-10-06,36780.611000000004,36780.611000000004,1202.77,58712.259999999995,58712.26,36532.214,21931.64899999999
2025-10-05,30928.135,30928.135,2026.86,47792.99,47792.99,30621.413999999997,16864.855
2025-10-04,34787.198000000004,34787.198000000004,1935.1000000000004,53524.39,53524.39,34690.748,18737.191999999995
2025-10-03,37585.09099999999,37585.09099999999,1541.13,57527.91,57527.91,37350.718,19942.81900000001
2025-10-02,35169.483,35169.483,1141.2200000000003,54334.130000000005,54334.130000000005,35061.628000000004,19164.647000000004
2025-10-01,32959.395000000004,32959.395000000004,2516.1200000000003,51319.75,51319.75000000001,32840.434,18360.354999999996
2025-09-30,32798.66,32798.66,2482.3200000000006,52347.67,52347.670000000006,32706.385000000006,19549.009999999995
2025-09-29,36517.844,36517.844,2136.8999999999996,56566.32000000001,56566.32,36371.331,20048.47600000001
2025-09-28,30763.336,30763.336,2031.47,50510.78,50510.77999999999,30637.987,19747.444
2025-09-27,39418.107,39418.107,2665.84,62698.05,62698.05,39208.051999999996,23279.943
2025-09-26,48939.889,48939.889,2291.9199999999996,77248.75,77248.75,48786.274,28308.860999999997
2025-09-25,57953.640999999996,57953.640999999996,1121.47,95144.59000000001,95144.59,57735.986000000004,37190.949000000015
2025-09-24,37938.769,37938.769,1505.6499999999999,60748.87999999999,60748.880000000005,37713.238999999994,22810.11099999999
2025-09-23,36945.746999999996,36945.746999999996,1765.19,58238.23,58238.23000000001,36673.906,21292.483000000007
2025-09-22,34552.576,34552.576,1862.2899999999997,55925.84,55925.84,34319.99,21373.263999999996
2025-09-21,30718.398,30718.398,1988.9999999999998,55355.56999999999,55355.57000000001,30585.653000000002,24637.17199999999
2025-09-20,30283.935999999998,30283.935999999998,1721.1400000000003,53777.27,53777.26999999999,30007.77,23493.334
2025-09-19,37312.397,37312.397,1565.72,63915.18000000001,63915.18,37232.102999999996,26602.78300000001
2025-09-18,37760.969,37760.969,1698.79,57860.840000000004,57860.840000000004,37655.473,20099.871000000006
2025-09-17,32468.304,32468.304,1531.7600000000002,50579.090000000004,50579.090000000004,32228.478000000003,18110.786000000004
2025-09-16,36628.814,36628.814,1123.05,58924.840000000004,58924.84,36348.07200000001,22296.026000000005
2025-09-15,35237.028,35237.028,2098.3199999999997,56119.93000000001,56119.93000000001,34936.796,20882.90200000001
2025-09-14,28579.21,28579.21,1728.7200000000003,43620.89,43620.89,28488.248,15041.68
2025-09-13,32163.082000000002,32163.082000000002,2312.78,49364.759999999995,49364.759999999995,31883.798,17201.677999999993
2025-09-12,37767.734,37767.734,1181.26,59183.83000000001,59183.83,37725.816,21416.096000000012
2025-09-11,40697.122,40697.122,1414.42,66730.01,66730.01000000001,40549.339,26032.88799999999
2025-09-10,32448.09,32448.09,1386.16,49717.47,49717.47,32290.691000000003,17269.38
2025-09-09,32386.862,32386.862,1708.43,50644.03000000001,50644.03,32226.806,18257.168000000012
2025-09-08,34099.733,34099.733,1769.3500000000001,54277.54999999999,54277.55,33980.694,20177.81699999999
2025-09-07,30570.844,30570.844,1270.2600000000002,47142.93,47142.92999999999,30446.830999999995,16572.086
2025-09-06,32899.090000000004,32899.090000000004,2284.4,52890.51,52890.51,32710.063000000002,19991.42
2025-09-05,35310.716,35310.716,1553.1799999999998,56169.649999999994,56169.65,35128.507,20858.933999999994
2025-09-04,36542.335,36542.335,1413.1400000000003,59357.950000000004,59357.950000000004,36415.780999999995,22815.615000000005
2025-09-03,32063.883,32063.883,1650.33,54874.56999999999,54874.57000000001,31937.690999999995,22810.68699999999
2025-09-02,34533.187000000005,34533.187000000005,1624.3000000000002,59688.83000000001,59688.83,34277.936,25155.643000000004
2025-09-01,40059.949,40059.949,2645.9999999999995,67655.48000000001,67655.48000000001,39925.803,27595.53100000001
2025-08-31,29829.387000000002,29829.387000000002,2064.83,53584.96,53584.96,29781.091999999997,23755.572999999997
2025-08-30,33040.981,33040.981,2037.62,59238.76,59238.76,32797.185000000005,26197.779000000002
2025-08-29,46351.693,46351.693,2057.92,86133.64,86133.64,46105.975000000006,39781.947
2025-08-28,52649.73299999999,52649.73299999999,2256.3799999999997,84868.68,84868.68,52404.382,32218.947
2025-08-27,37142.40499999999,37142.40499999999,1336.93,57079.28999999999,57079.29,37059.143,19936.885000000002
2025-08-26,29127.152,29127.152,1639.91,48313.06,48313.06,28965.738,19185.908
2025-08-25,30082.599,30082.599,1715.83,49473.28,49473.27999999999,29969.252,19390.681
2025-08-24,35161.253000000004,35161.253000000004,1745.19,53521.530000000006,53521.53,35094.633,18360.277000000002
2025-08-23,40518.459,40518.459,1707.92,61052.59,61052.59000000001,40393.828,20534.130999999994
2025-08-22,33113.282,33113.282,1879.93,54275.71,54275.71,33071.072,21162.428
2025-08-21,33960.879,33960.879,2312.5899999999997,54608.07,54608.06999999999,33767.733,20647.191
2025-08-20,34867.147,34867.147,2404.22,53969.729999999996,53969.73000000001,34801.415,19102.583
2025-08-19,25461.898999999998,25461.898999999998,1347.1100000000001,43539.93,43539.93,25417.802,18078.031000000003
2025-08-18,29542.686000000005,29542.686000000005,2268.99,49301.5,49301.50000000001,29490.911,19758.813999999995
2025-08-17,37391.242999999995,37391.242999999995,1634.1100000000001,61512.5,61512.5,37236.587,24121.257000000005
2025-08-16,37625.496,37625.496,1665.77,59601.83,59601.83,37400.045,21976.334000000003
2025-08-15,34410.075,34410.075,1444.9899999999998,56159.479999999996,56159.48,34288.645000000004,21749.405
2025-08-14,35289.202000000005,35289.202000000005,1698.9900000000002,56538.11,56538.11,35210.604999999996,21248.907999999996
2025-08-13,34017.187999999995,34017.187999999995,2412.27,53124.59,53124.590000000004,33889.358,19107.402000000002
2025-08-12,33733.028,33733.028,2482.61,53945.729999999996,53945.73,33613.18200000001,20212.701999999997
2025-08-11,33480.956999999995,33480.956999999995,2150.27,53496.520000000004,53496.520000000004,33384.28,20015.56300000001
2025-08-10,30459.907,30459.907,2097.99,45678.369999999995,45678.369999999995,30173.016,15218.462999999996
2025-08-09,30888.522,30888.522,2956.2799999999997,49994.259999999995,49994.26,30795.954999999998,19105.737999999994
2025-08-08,37584.82199999999,37584.82199999999,2130.78,61216.53,61216.530000000006,37235.361,23631.708000000006
2025-08-07,35286.556000000004,35286.556000000004,1925.3400000000001,59930.2,59930.2,35088.357,24643.643999999993
2025-08-06,30311.212999999996,30311.212999999996,2389.66,50519.68,50519.68,30193.62,20208.467000000004
2025-08-05,32069.177,32069.177,1867.6999999999998,52509.99,52509.99,31973.638000000003,20440.813
2025-08-04,37868.167,37868.167,2304.93,61630.909999999996,61630.91,37678.707,23762.742999999995
2025-08-03,37011.61,37011.61,2958.32,63328.95,63328.95,36803.731999999996,26317.339999999997
2025-08-02,41860.719000000005,41860.719000000005,2988.13,69760.09,69760.09,41729.032999999996,27899.370999999992
2025-08-01,42575.33200000001,42575.33200000001,1983.5600000000002,73710.42,73710.42,42269.538,31135.08799999999
2025-07-31,47871.130999999994,47871.130999999994,2131.7999999999997,71678.47,71678.47,47679.216,23807.339000000007
2025-07-30,39862.75200000001,39862.75200000001,2676.96,58627.46000000001,58627.46000000001,39787.106,18764.708
2025-07-29,26397.922000000002,26397.922000000002,2876.630000000001,45053.28,45053.28,26228.48,18655.357999999997
2025-07-28,27368.756999999998,27368.756999999998,2635.8900000000003,47109.54,47109.54,27247.195999999996,19740.783000000003
2025-07-27,28236.143,28236.143,2345.55,49711.7,49711.700000000004,28192.154,21475.556999999997
2025-07-26,36943.879,36943.879,1868.1,59723.15,59723.15,36859.234000000004,22779.271
2025-07-25,52703.831999999995,52703.831999999995,1739.3700000000001,86295.7,86295.7,52613.77,33591.868
2025-07-24,64537.488000000005,64537.488000000005,2201.8900000000003,106216.93000000001,106216.93,64192.728,41679.442
2025-07-23,31743.884000000002,31743.884000000002,2068.1200000000003,50583.64,50583.64,31584.970999999998,18839.755999999998
2025-07-22,35725.779,35725.779,1815.76,56654.44,56654.44,35575.608,20928.661
2025-07-21,37155.58399999999,37155.58399999999,1708.23,62095.61,62095.61,36907.438,24940.026000000013
2025-07-20,27621.410000000003,27621.410000000003,2238.85,54075.549999999996,54075.55,27502.304999999997,26454.139999999992
2025-07-19,32239.480000000003,32239.480000000003,2094.12,62117.170000000006,62117.16999999999,32070.464999999997,29877.690000000002
2025-07-18,31778.639999999996,31778.639999999996,2928.28,57566.450000000004,57566.450000000004,31673.318,25787.81000000001
2025-07-17,29873.268000000004,29873.268000000004,2417.3799999999997,50464.5,50464.5,29829.235,20591.231999999996
2025-07-16,29054.727000000006,29054.727000000006,1938.14,47305.75000000001,47305.75,28924.542,18251.023
2025-07-15,33453.915,33453.915,1652.69,50875.560000000005,50875.560000000005,33372.313,17421.645000000004
2025-07-14,34642.437000000005,34642.437000000005,1891.69,53033.39,53033.39,34423.116,18390.952999999994
2025-07-13,32104.453,32104.453,1708.0100000000002,48749.10999999999,48749.11,32061.512999999995,16644.656999999992
2025-07-12,34587.94,34587.94,2150.22,53811.62,53811.619999999995,34389.822,19223.68
2025-07-11,38458.799,38458.799,1425.25,60865.409999999996,60865.41,38145.319,22406.610999999997
2025-07-10,37989.719999999994,37989.719999999994,995.6700000000002,60348.08,60348.08,37609.993,22358.360000000008
2025-07-09,29760.966,29760.966,1193.3800000000003,48834.49,48834.49,29570.342,19073.523999999998
2025-07-08,33169.59900000001,33169.59900000001,1802.04,53387.16,53387.16,33139.65900000001,20217.560999999994
2025-07-07,32533.763,32533.763,1801.93,55988.11,55988.11,32371.163,23454.347
2025-07-06,31489.27,31489.27,1309.41,57821.2,57821.20000000001,31419.997,26331.929999999997
2025-07-05,35699.176,35699.176,1231.1299999999999,62300.840000000004,62300.84,35684.41,26601.664000000004
2025-07-04,40569.357,40569.357,1823.0000000000002,67906.41,67906.41,40364.112,27337.053
2025-07-03,44326.028000000006,44326.028000000006,1571.29,66315.37999999999,66315.37999999999,44148.555,21989.351999999984
2025-07-02,42851.75300000001,42851.75300000001,1840.94,62939.32000000001,62939.32000000001,42773.689,20087.566999999995
2025-07-01,29458.091000000004,29458.091000000004,2965.7699999999995,47959.82,47959.82,29415.271999999997,18501.728999999996
2025-06-30,24957.454,24957.454,2374.8100000000004,41874.490000000005,41874.490000000005,24839.561,16917.036000000004
2025-06-29,26559.034,26559.034,1989.1,45901.31999999999,45901.32,26532.361,19342.285999999993
2025-06-28,34944.149,34944.149,2582.2000000000003,56336.55,56336.549999999996,34831.593,21392.401000000005
2025-06-27,47397.19,47397.19,2145.4900000000002,78038.92,78038.91999999998,47247.926,30641.729999999996
2025-06-26,57431.845,57431.845,1773.85,93082.34,93082.34,57267.11,35650.494999999995
2025-06-25,31035.93,31035.93,3268.03,49315.78,49315.78,31018.596,18279.85
2025-06-24,30606.355,30606.355,1231.62,49924.799999999996,49924.799999999996,30528.583,19318.444999999996
2025-06-23,34465.204,34465.204,1162.2000000000003,55151.21000000001,55151.21000000001,34308.563,20686.00600000001
2025-06-22,30467.305,30467.305,2029.22,48046.52999999999,48046.53,30354.773,17579.22499999999
2025-06-21,31527.627,31527.627,1666.84,49852.58,49852.579999999994,31504.804999999997,18324.953
2025-06-20,35857.761000000006,35857.761000000006,2005.8000000000002,54343.67,54343.67,35827.811,18485.908999999992
2025-06-19,39393.113,39393.113,2094.36,60375.65000000001,60375.649999999994,39180.568,20982.53700000001
2025-06-18,31016.545000000002,31016.545000000002,1891.5599999999997,51408.27,51408.270000000004,30891.187,20391.724999999995
2025-06-17,35435.39000000001,35435.39000000001,1782.5900000000004,55569.59,55569.59,35330.186,20134.19999999999
2025-06-16,35126.902,35126.902,2301.01,60137.49,60137.490000000005,35018.448000000004,25010.587999999996
2025-06-15,33937.163,33937.163,2318.5600000000004,57536.37,57536.369999999995,33854.242999999995,23599.207000000002
2025-06-14,39448.865,39448.865,1592.4,68299.56,68299.56000000001,39383.984000000004,28850.695
2025-06-13,41638.263999999996,41638.263999999996,1164.7,70514.28,70514.28,41457.42,28876.016000000003
2025-06-12,39606.019,39606.019,1414.91,61823.95,61823.950000000004,39429.592,22217.930999999997
2025-06-11,35653.058999999994,35653.058999999994,1808.44,53876.11,53876.11,35603.119,18223.051000000007
2025-06-10,37643.386000000006,37643.386000000006,1788.9699999999998,56818.37000000001,56818.369999999995,37496.887,19174.984000000004
2025-06-09,33625.96,33625.96,1116.3600000000001,53112.32,53112.31999999999,33397.509,19486.36
2025-06-08,31567.37,31567.37,1749.23,48198.4,48198.4,31510.798,16631.030000000002
2025-06-07,30017.563,30017.563,1566.6200000000001,47954.22,47954.22,29924.873,17936.657000000003
2025-06-06,36027.077,36027.077,1213.4,56576.32000000001,56576.32,35952.751,20549.24300000001
2025-06-05,40638.35999999999,40638.35999999999,2304.44,60066.36000000001,60066.35999999999,40466.827000000005,19428.000000000015
2025-06-04,37262.16199999999,37262.16199999999,1958.0200000000002,57246.66,57246.659999999996,37208.542,19984.498000000014
2025-06-03,44138.53999999999,44138.53999999999,1475.41,68644.39,68644.39,43994.512,24505.850000000006
2025-06-02,42516.026999999995,42516.026999999995,1062.03,63549.3,63549.3,42416.127,21033.27300000001
2025-06-01,29593.129,29593.129,2007.3999999999999,47631.19,47631.19,29450.619000000002,18038.061
2025-05-31,35665.875,35665.875,1697.2200000000003,57314.75000000001,57314.75,35615.935,21648.875000000007
2025-05-30,45783.491,45783.491,1446.3799999999999,76104.24,76104.24,45576.048,30320.749000000003
2025-05-29,46454.874,46454.874,689.26,80328.45999999999,80328.45999999999,46422.875,33873.58599999999
2025-05-28,30001.657,30001.657,1144.03,48975.170000000006,48975.170000000006,29861.050000000003,18973.513000000006
2025-05-27,29505.044,29505.044,1863.1599999999999,48958.810000000005,48958.81,29400.576,19453.766000000003
2025-05-26,32180.332000000002,32180.332000000002,2137.14,55587.630000000005,55587.630000000005,32068.309999999998,23407.298000000003
2025-05-25,31075.181000000004,31075.181000000004,2796.1200000000003,56750.35,56750.350000000006,31070.121,25675.168999999994
2025-05-24,32372.356000000003,32372.356000000003,1975.0800000000002,61357.42,61357.420000000006,32317.724000000002,28985.063999999995
2025-05-23,37376.929,37376.929,1438.5900000000001,67054.14,67054.14,37322.505999999994,29677.211000000003
2025-05-22,41588.899000000005,41588.899000000005,1364.12,62510.979999999996,62510.98,41443.303,20922.08099999999
2025-05-21,39751.125,39751.125,1300.41,61944.05,61944.05,39573.941,22192.925000000003
2025-05-20,27590.812,27590.812,1944.87,46800.850000000006,46800.850000000006,27579.505000000005,19210.038000000004
2025-05-19,28040.283,28040.283,2052.1000000000004,47325.2,47325.200000000004,27957.567,19284.916999999998
2025-05-18,31034.966,31034.966,1504.7,53934.63,53934.63,30871.743000000002,22899.663999999997
2025-05-17,34426.517,34426.517,1899.7499999999998,58106.13,58106.130000000005,34350.773,23679.612999999998
2025-05-16,34732.432,34732.432,1620.91,56339.63999999999,56339.64,34627.599,21607.20799999999
2025-05-15,36151.124,36151.124,1853.76,56092.49999999999,56092.49999999999,36100.164000000004,19941.37599999999
2025-05-14,30294.611999999994,30294.611999999994,2058.3099999999995,50965.29000000001,50965.29,30186.131,20670.678000000014
2025-05-13,34826.122,34826.122,1653.7499999999998,54243.58,54243.58,34661.799,19417.458
2025-05-12,37234.105,37234.105,1470.72,60817.33,60817.33,37207.326,23583.225
2025-05-11,31988.063000000002,31988.063000000002,2555.7400000000007,57972.16,57972.159999999996,31815.333999999995,25984.097
2025-05-10,34507.011,34507.011,1882.1899999999998,63041.32000000001,63041.32,34319.005,28534.30900000001
2025-05-09,42830.43699999999,42830.43699999999,1650.79,73512.28,73512.28,42751.668,30681.843000000008
2025-05-08,45251.219000000005,45251.219000000005,1228.93,71585.40000000001,71585.4,44943.796,26334.181000000004
2025-05-07,33660.151,33660.151,2687.92,52204.479999999996,52204.479999999996,33438.937,18544.328999999998
2025-05-06,34836.905000000006,34836.905000000006,1826.2200000000003,53825.83,53825.83,34810.954999999994,18988.924999999996
2025-05-05,32877.374,32877.374,2058.39,53194.48,53194.479999999996,32669.864999999998,20317.106
2025-05-04,28926.707000000002,28926.707000000002,2479.8999999999996,46499.79000000001,46499.79,28886.747000000003,17573.083000000006
2025-05-03,32919.892,32919.892,2395.4700000000003,51724.61,51724.61,32790.221999999994,18804.718
2025-05-02,38992.53799999999,38992.53799999999,1933.07,60483.96000000001,60483.96000000001,38896.123,21491.422000000013
2025-05-01,37632.534999999996,37632.534999999996,1676.8500000000001,61016.6,61016.600000000006,37427.095,23384.065000000002
2025-04-30,38839.28200000001,38839.28200000001,2041.58,60624.81,60624.81,38693.477,21785.52799999999
2025-04-29,41617.902,41617.902,1268.4799999999998,64166.74,64166.74,41580.130000000005,22548.837999999996
2025-04-28,38362.784,38362.784,1239.7299999999998,62308.939999999995,62308.94,38260.166999999994,23946.155999999995
2025-04-27,30195.92299999999,30195.92299999999,1831.8400000000001,47436.0,47436.0,30162.952999999998,17240.07700000001
2025-04-26,35994.918999999994,35994.918999999994,1519.69,55823.200000000004,55823.200000000004,35838.439,19828.28100000001
2025-04-25,51076.23299999999,51076.23299999999,1899.2700000000004,80008.33,80008.33,50866.661,28932.09700000001
2025-04-24,55689.94700000001,55689.94700000001,1680.5700000000002,90484.98,90484.98000000001,55502.396,34795.03299999999
2025-04-23,33793.437,33793.437,1660.4900000000005,52529.51,52529.51,33759.647,18736.073000000004
2025-04-22,35142.557,35142.557,2387.55,57391.51,57391.51,35018.469,22248.953
2025-04-21,41086.195,41086.195,2860.52,65009.13000000001,65009.130000000005,40888.161,23922.935000000012
2025-04-20,33877.763,33877.763,1575.24,59459.29,59459.28999999999,33739.611999999994,25581.527000000002
2025-04-19,36717.458999999995,36717.458999999995,1851.38,64974.94,64974.94,36638.55100000001,28257.481000000007
2025-04-18,41923.56,41923.56,2129.3500000000004,69315.54,69315.54000000001,41833.659999999996,27391.979999999996
2025-04-17,40038.59299999999,40038.59299999999,1721.4,60891.28999999999,60891.29000000001,39925.912,20852.697
2025-04-16,35337.183000000005,35337.183000000005,2638.1800000000003,58496.65,58496.649999999994,35254.527,23159.466999999997
2025-04-15,37840.638,37840.638,2763.53,58729.71000000001,58729.71,37633.493,20889.072000000007
2025-04-14,34494.283,34494.283,2152.44,58239.89,58239.89,34373.564000000006,23745.606999999996
2025-04-13,35361.335,35361.335,2139.37,55554.259999999995,55554.26,35173.903,20192.924999999996
2025-04-12,37811.723,37811.723,1447.32,63055.66,63055.659999999996,37626.322,25243.937000000005
2025-04-11,41425.481,41425.481,987.9499999999998,67525.51999999999,67525.52,41258.791999999994,26100.03899999999
2025-04-10,40120.844,40120.844,1548.6699999999998,67711.66,67711.65999999999,39852.499,27590.816000000006
2025-04-09,34305.578,34305.578,1292.21,56710.490000000005,56710.49,34240.93,22404.912000000004
2025-04-08,35818.028000000006,35818.028000000006,1169.81,57976.92,57976.92,35716.073000000004,22158.891999999993
2025-04-07,32523.294,32523.294,1936.82,57302.53999999999,57302.54,32420.374,24779.245999999992
2025-04-06,31397.863,31397.863,1915.0400000000002,56494.0,56494.0,31289.366,25096.137
2025-04-05,32155.638000000003,32155.638000000003,1625.0,57901.44,57901.439999999995,31972.880999999994,25745.802
2025-04-04,30927.088,30927.088,1085.54,55690.85,55690.85,30758.290000000005,24763.762
2025-04-03,33133.429,33133.429,1111.13,55924.84,55924.84,32891.042,22791.411
2025-04-02,37033.102,37033.102,1429.2699999999998,60875.26,60875.26,36951.843,23842.158000000003
2025-04-01,37375.068999999996,37375.068999999996,1715.44,61598.29,61598.28999999999,37168.170000000006,24223.221000000005
2025-03-31,31277.651999999995,31277.651999999995,1624.46,49513.23,49513.229999999996,31277.652000000002,18235.57800000001
2025-03-30,36510.700999999994,36510.700999999994,1604.3700000000001,57882.84999999999,57882.850000000006,36397.365999999995,21372.148999999998
2025-03-29,43791.133,43791.133,1039.2000000000003,66960.02,66960.02,43666.075,23168.887000000002
2025-03-28,46850.92599999999,46850.92599999999,1280.1599999999996,78646.33000000002,78646.33,46634.153,31795.404000000024
2025-03-27,67072.13499999998,67072.13499999998,1311.89,118949.84,118949.84,66876.016,51877.705000000016
2025-03-26,43295.667,43295.667,1469.43,74372.22,74372.22,43250.521,31076.553
2025-03-25,33077.073000000004,33077.073000000004,1817.91,55076.12,55076.12000000001,32996.183000000005,21999.047
2025-03-24,35940.64299999999,35940.64299999999,1067.17,59836.05,59836.05,35859.783,23895.407000000014
2025-03-23,37528.246,37528.246,1746.29,61251.32000000001,61251.31999999999,37458.316,23723.074000000008
2025-03-22,37306.074,37306.074,1539.39,60241.64000000001,60241.639999999985,37267.424,22935.566000000006
2025-03-21,35487.615,35487.615,1028.75,60222.240000000005,60222.240000000005,35464.820999999996,24734.625000000007
2025-03-20,43001.572,43001.572,982.7900000000001,67190.89,67190.88999999998,43001.572,24189.318
2025-03-19,38200.94299999999,38200.94299999999,1265.2600000000002,61012.560000000005,61012.560000000005,38200.943,22811.617000000013
2025-03-18,26918.678000000004,26918.678000000004,963.9000000000001,48494.46000000001,48494.45999999999,26918.678,21575.782000000003
2025-03-17,31152.341999999997,31152.341999999997,1815.84,56811.53,56811.53,31152.342,25659.188000000002
2025-03-16,33308.976,33308.976,1900.8799999999999,60717.69,60717.69,33308.976,27408.714
2025-03-15,38322.508,38322.508,1854.6200000000001,70726.16,70726.16,38322.508,32403.652000000002
2025-03-14,41355.185,41355.185,1442.5600000000002,73628.23,73628.23000000001,41355.185,32273.045
2025-03-13,40385.82600000001,40385.82600000001,1396.9500000000003,70368.44,70368.43999999999,40385.826,29982.613999999994
2025-03-12,36883.293,36883.293,773.9900000000001,58436.7,58436.7,36883.293000000005,21553.407
2025-03-11,35247.518000000004,35247.518000000004,1008.6099999999999,54799.97,54799.97,35247.518,19552.451999999997
2025-03-10,31308.888000000003,31308.888000000003,1491.95,50222.0,50222.0,31308.888,18913.111999999997
2025-03-09,34886.166000000005,34886.166000000005,984.6800000000002,56286.82000000001,56286.81999999999,34886.166,21400.654000000002
2025-03-08,35755.386,35755.386,1000.6400000000002,57609.06,57609.06,35755.386,21853.674
2025-03-07,36950.691999999995,36950.691999999995,1135.4099999999999,60231.42,60231.420000000006,36950.692,23280.728000000003
2025-03-06,34900.822,34900.822,873.36,56179.770000000004,56179.77000000001,34900.822,21278.948000000004
2025-03-05,31499.989999999998,31499.989999999998,1371.27,54302.65,54302.649999999994,31499.989999999998,22802.660000000003
2025-03-04,36425.619999999995,36425.619999999995,2089.16,59587.51000000001,59587.51000000001,36425.62,23161.890000000014
2025-03-03,37002.111999999994,37002.111999999994,1055.07,60684.969999999994,60684.97,37002.112,23682.858
2025-03-02,32364.110999999997,32364.110999999997,1409.18,58112.06,58112.06,32364.111000000004,25747.949
2025-03-01,36506.791000000005,36506.791000000005,1802.73,58350.71000000001,58350.70999999999,36506.791,21843.919
2025-02-28,46151.446,46151.446,1397.1999999999996,76443.39,76443.39,46151.446,30291.943999999996
2025-02-27,45008.989,45008.989,882.5300000000001,78137.83,78137.83,45008.989,33128.841
2025-02-26,32524.996,32524.996,1147.29,55414.36,55414.36,32524.996,22889.364
2025-02-25,31109.168000000005,31109.168000000005,1496.97,51626.44,51626.439999999995,31109.168,20517.271999999997
2025-02-24,35420.513999999996,35420.513999999996,1537.02,57747.55,57747.55,35420.514,22327.036000000007
2025-02-23,39011.322,39011.322,1230.79,60180.99,60180.99,39011.32200000001,21169.667999999998
2025-02-22,42304.882,42304.882,1668.0099999999998,67001.79,67001.79000000001,42304.882,24696.907999999996
2025-02-21,41963.986,41963.986,1548.3899999999999,63233.29,63233.29000000001,41963.986000000004,21269.304000000004
2025-02-20,41487.01699999999,41487.01699999999,1742.58,65829.82,65829.82,41487.017,24342.803000000014
2025-02-19,39786.12899999999,39786.12899999999,1316.57,66192.5,66192.5,39786.129,26406.371000000006
2025-02-18,27359.558,27359.558,1919.3200000000002,49553.01,49553.01000000001,27359.558000000005,22193.452
2025-02-17,31758.323000000004,31758.323000000004,1272.43,57959.100000000006,57959.100000000006,31758.323000000004,26200.777000000002
2025-02-16,36998.505,36998.505,1555.1200000000001,67182.77,67182.76999999999,36998.505,30184.265000000007
2025-02-15,41513.846,41513.846,1591.01,71246.63,71246.62999999999,41513.846000000005,29732.784000000007
2025-02-14,44550.222,44550.222,1431.71,78368.81000000001,78368.81,44550.222,33818.58800000001
2025-02-13,44144.227000000006,44144.227000000006,1684.75,74151.24,74151.24,44144.227,30007.013
2025-02-12,38082.197,38082.197,1052.23,59449.670000000006,59449.67,38082.197,21367.473000000005
2025-02-11,34149.961,34149.961,1800.0500000000002,55673.280000000006,55673.280000000006,34149.961,21523.319000000003
2025-02-10,28721.723,28721.723,1381.0,50503.060000000005,50503.06,28721.723,21781.337000000003
2025-02-09,31527.877,31527.877,1148.17,57941.15,57941.149999999994,31527.876999999997,26413.273
2025-02-08,35940.011999999995,35940.011999999995,1128.52,62560.840000000004,62560.84,35940.011999999995,26620.82800000001
2025-02-07,36272.18600000001,36272.18600000001,1214.38,61109.630000000005,61109.62999999999,36272.186,24837.443999999996
2025-02-06,33573.74399999999,33573.74399999999,1879.01,55242.58,55242.58,33573.744,21668.83600000001
2025-02-05,35341.419,35341.419,1202.1999999999998,57580.86,57580.86,35341.419,22239.441
2025-02-04,28557.35,28557.35,1397.31,53330.229999999996,53330.229999999996,28557.350000000002,24772.879999999997
2025-02-03,29836.537000000004,29836.537000000004,1186.6100000000001,52387.14999999999,52387.15,29836.536999999997,22550.612999999983
2025-02-02,37516.034999999996,37516.034999999996,1311.17,59557.479999999996,59557.479999999996,37516.034999999996,22041.445
2025-02-01,41941.76299999999,41941.76299999999,1084.72,68619.3,68619.29999999999,41941.76299999999,26677.53700000001
2025-01-31,57860.988,57860.988,1021.0000000000001,94143.70999999999,94143.70999999999,57860.988,36282.721999999994
2025-01-30,65219.22800000001,65219.22800000001,1472.92,109616.42,109616.42000000001,65219.227999999996,44397.19199999999
2025-01-29,28983.874,28983.874,771.4800000000001,50669.08,50669.08,28983.874,21685.206000000002
2025-01-28,27481.345,27481.345,780.47,47980.31999999999,47980.32,27481.345,20498.97499999999
2025-01-27,31282.665999999997,31282.665999999997,1306.48,49754.520000000004,49754.51999999999,31282.666,18471.854000000007
2025-01-26,31978.136000000002,31978.136000000002,1617.65,52185.07,52185.07,31978.136000000002,20206.933999999997
2025-01-25,29698.451999999997,29698.451999999997,1027.74,51816.47,51816.47,29698.451999999997,22118.018000000004
2025-01-24,31678.802,31678.802,1154.02,53870.020000000004,53870.020000000004,31678.802,22191.218000000004
2025-01-23,29255.809999999998,29255.809999999998,666.3100000000001,49675.530000000006,49675.53,29255.81,20419.72000000001
2025-01-22,28600.079999999994,28600.079999999994,805.95,50071.36,50071.36000000001,28600.08,21471.280000000006
2025-01-21,30107.542000000005,30107.542000000005,1180.7599999999998,54074.92,54074.92,30107.542000000005,23967.377999999993
2025-01-20,34112.123999999996,34112.123999999996,1106.11,60850.22,60850.219999999994,34112.123999999996,26738.096000000005
2025-01-19,31808.948,31808.948,1445.9900000000002,59741.86000000001,59741.86,31808.948,27932.912000000008
2025-01-18,30822.227,30822.227,1624.42,57157.54,57157.53999999999,30822.227,26335.313000000002
2025-01-17,35112.086,35112.086,601.05,62876.64000000001,62876.64000000001,35112.086,27764.554000000004
2025-01-16,39469.846,39469.846,1175.03,65358.86,65358.86,39469.846,25889.014000000003
2025-01-15,31957.072,31957.072,2036.5,54174.96000000001,54174.96000000001,31957.072,22217.888000000006
2025-01-14,34421.193999999996,34421.193999999996,1753.7500000000002,56676.19,56676.189999999995,34421.193999999996,22254.996000000006
2025-01-13,35363.16499999999,35363.16499999999,1081.84,57867.979999999996,57867.979999999996,35363.165,22504.815000000002
2025-01-12,28789.142000000003,28789.142000000003,2120.5699999999997,48416.41000000001,48416.40999999999,28789.142,19627.268000000007
2025-01-11,30886.038,30886.038,2099.7699999999995,49838.1,49838.100000000006,30886.037999999993,18952.061999999998
2025-01-10,35721.905999999995,35721.905999999995,1291.81,61409.020000000004,61409.02,35721.906,25687.11400000001
2025-01-09,36372.909,36372.909,1019.8500000000001,62088.75,62088.75000000001,36372.909,25715.841
2025-01-08,24363.755999999998,24363.755999999998,1236.4399999999998,44218.89000000001,44218.89,24363.756,19855.13400000001
2025-01-07,27350.969,27350.969,1384.03,47912.39,47912.39,27350.969,20561.421
2025-01-06,28814.737999999998,28814.737999999998,1549.5800000000002,47961.5,47961.5,28814.738000000005,19146.762000000002
2025-01-05,31772.445,31772.445,877.8899999999999,51266.43,51266.43,31772.445000000003,19493.985
2025-01-04,35426.172999999995,35426.172999999995,982.78,55924.280000000006,55924.28000000001,35426.172999999995,20498.10700000001
2025-01-03,37279.105,37279.105,1302.89,61350.75000000001,61350.75,37279.105,24071.645000000004
2025-01-02,31981.853999999996,31981.853999999996,749.8,57366.67,57366.67000000001,31981.854000000003,25384.816000000003
2025-01-01,36458.058,36458.058,1537.66,62574.8,62574.80000000001,36458.058,26116.742000000006
