DATE,RAW_SPEND,STG_SPEND,DELTA
,,6364.605921,
,,4122.831724,
,,2013.048208,
,,3096.102466,
,,306.070000,
,,1937.044860,
,,1772.273472,
,,3638.752798,
,,120.100000,
,,92.770000,
,,3397.762800,
,,5001.404489,
,,3507.644126,
,,3817.148423,
,,4347.128075,
,,3401.812218,
,,1836.551500,
,,3841.525083,
,,3727.326791,
,,2668.205045,
,,4949.984418,
,,2281.923137,
,,3645.905874,
,,1099.227500,
,,479.000000,
,,4062.001437,
,,2173.191432,
,,354.780000,
,,4126.042529,
,,4090.914050,
,,4003.129300,
,,111.780000,
,,2946.307488,
,,2636.516233,
,,2720.111670,
,,4711.961176,
,,1906.956893,
,,1194.028893,
,,2773.528368,
,,752.900000,
,,3392.613145,
,,3525.043076,
,,3099.840593,
,,3592.318866,
,,1200.690000,
,,6052.142183,
,,196.850000,
,,4246.879700,
,,3037.969920,
,,4316.696981,
,,929.910000,
,,3166.558255,
,,153.290000,
,,3702.046851,
,,1733.030000,
,,2331.142970,
,,5214.793900,
,,562.060000,
,,3510.514936,
,,1653.220854,
,,6942.547984,
,,672.382650,
,,4338.377574,
,,667.060000,
,,1285.850000,
,,3835.595223,
,,3983.741849,
,,709.230000,
,,851.030000,
,,3606.466047,
,,1010.256105,
,,1388.860000,
,,355.140000,
,,1107.135766,
,,6057.159390,
,,4175.104302,
,,3883.428930,
,,775.818824,
,,1825.274449,
,,2418.077789,
,,4572.529256,
,,4222.296580,
,,1047.330000,
,,4181.908259,
,,2784.551632,
,,2597.490000,
,,1920.877469,
,,4438.915234,
,,751.380000,
,,1205.400000,
,,2644.473566,
,,977.980000,
,,220.200000,
,,757.300000,
,,3107.290317,
,,3567.591715,
,,3649.423225,
,,2665.499459,
,,4340.135212,
,,2923.859368,
,,3466.719769,
,,1322.530000,
,,2430.818237,
,,3776.935168,
,,3852.783649,
,,2152.981007,
,,1479.940000,
,,4497.722060,
,,228.000000,
,,3187.317788,
,,3695.750075,
,,196.430000,
,,5073.478612,
,,3200.376875,
,,1797.200699,
,,3665.515558,
,,357.940000,
,,5127.316558,
,,1432.540000,
,,3128.895846,
,,3540.706595,
,,2280.344666,
,,3482.230974,
,,313.060000,
,,509.930000,
,,1107.900000,
,,6022.702372,
,,5481.455469,
,,4001.748614,
,,4740.681400,
,,1157.360000,
,,702.000000,
,,2607.384788,
,,5648.166584,
,,1557.642542,
,,1489.160000,
,,2658.850972,
,,5655.243841,
,,3245.649295,
,,3422.210511,
,,3108.566622,
,,2424.861368,
,,3931.018452,
,,195.190000,
,,3632.018434,
,,3494.524814,
,,2696.380617,
,,1378.549221,
,,5753.989162,
,,2886.888091,
,,2868.162663,
,,2928.905338,
,,2889.616117,
,,4275.573408,
,,3039.332648,
,,1732.324234,
,,1795.397541,
,,1492.088819,
,,3184.036864,
,,3678.661374,
,,2900.163805,
,,1016.555193,
,,1752.939934,
,,3821.506325,
,,2906.806642,
,,3297.131294,
,,8254.721605,
,,732.170000,
,,3114.521020,
,,3503.587324,
,,3396.119191,
,,4654.923416,
,,4169.552720,
,,2848.156695,
,,4109.403874,
,,1156.005904,
,,3842.043583,
,,2576.395719,
,,1345.870000,
,,4171.290900,
,,3440.306106,
,,1117.550000,
,,717.320000,
,,2199.739962,
,,3353.213955,
,,3458.439187,
,,4817.846844,
,,1335.160000,
,,929.170000,
,,6537.382101,
,,3940.197492,
,,8988.747223,
,,885.310000,
,,1932.674400,
,,3304.739859,
,,1217.695500,
,,4266.158045,
,,3290.593097,
,,502.080000,
,,945.170000,
,,5816.340242,
,,3247.861282,
,,1950.470000,
,,329.820000,
,,2748.564616,
,,1884.003400,
,,3515.628780,
,,4640.082565,
,,3184.638703,
,,856.150000,
,,119.010000,
,,2603.016548,
,,1876.093931,
,,2599.015379,
,,4387.751957,
,,4383.840335,
,,3508.923694,
,,2989.466329,
,,1087.790000,
,,774.220000,
,,2480.352122,
,,3800.902659,
,,5818.939794,
,,4223.330000,
,,3364.828429,
,,1812.759071,
,,6446.633008,
,,888.070000,
,,1670.210000,
,,1415.375140,
,,1342.265289,
,,4208.779218,
,,3006.709046,
,,2831.667117,
,,3019.610634,
,,2024.818022,
,,3285.738593,
,,3196.202500,
,,343.270000,
,,1144.687453,
,,2236.659619,
,,274.880000,
,,3191.405823,
,,3958.051889,
,,4080.834439,
,,694.490000,
,,993.090000,
,,1428.280000,
,,2556.843969,
,,1063.490000,
,,3815.430554,
,,1243.160000,
,,3060.626503,
,,2239.006080,
,,249.560000,
,,358.930000,
,,4261.381510,
,,1974.100000,
,,2648.790685,
,,7415.202730,
,,3198.764849,
,,3719.081908,
,,4453.792711,
,,4297.388314,
,,2785.824994,
,,291.290000,
,,3904.780941,
,,2782.601836,
,,2855.550424,
,,3140.449346,
,,3205.675544,
,,3219.725541,
,,198.850000,
,,2597.671114,
,,2810.502696,
,,3747.525678,
,,3338.152908,
,,2990.229790,
,,1425.530000,
,,1463.410000,
,,1299.770000,
,,3361.817092,
,,2631.336688,
,,2047.514582,
,,807.200000,
,,841.630000,
,,2894.347895,
,,8340.460733,
,,5318.420189,
,,1134.190000,
,,3538.971011,
,,1325.010000,
,,680.800000,
,,2618.496051,
,,3452.262207,
,,2902.128806,
,,4672.032455,
,,1762.037608,
,,5148.300865,
,,2181.812201,
,,3965.600810,
,,3245.862889,
,,2614.379798,
,,3249.988880,
,,3235.332521,
,,1553.738300,
,,4100.393135,
,,3198.373979,
,,957.240000,
,,4591.162450,
,,1199.540000,
,,3815.687346,
,,1526.558546,
,,4077.236200,
,,1628.481968,
,,6071.248959,
,,417.940000,
,,2808.682907,
,,2877.416884,
,,1100.251546,
,,2305.393952,
,,1297.820000,
,,518.990000,
,,792.740000,
,,708.870000,
,,1173.030000,
,,76.030000,
,,4143.041927,
,,2827.207214,
,,1448.090000,
,,1656.091965,
,,1064.750000,
,,1064.900000,
,,509.620000,
,,3858.740609,
,,8979.079521,
,,4613.481407,
,,906.680000,
,,4434.213520,
,,5016.302670,
,,4119.059838,
,,2557.103448,
,,1299.700000,
,,1515.330000,
,,1540.246390,
,,1612.895494,
,,3041.627889,
,,2089.943881,
,,2834.984720,
,,2037.316879,
,,2280.484817,
,,5641.708348,
,,3183.970065,
,,4286.091424,
,,730.650000,
,,270.200000,
,,4438.906957,
,,503.870000,
,,6296.478604,
,,1332.265762,
,,3737.210830,
,,4023.480142,
,,3776.106285,
,,3321.572706,
,,4498.417014,
,,847.010000,
,,907.820000,
,,3314.164372,
,,3569.462243,
,,2531.871178,
,,603.106639,
,,244.690000,
,,112.080000,
,,4180.997746,
,,2472.846134,
,,4457.121643,
,,4320.978319,
,,1572.709844,
,,3986.530915,
,,4369.802825,
,,2500.202151,
,,3274.060285,
,,3539.361124,
,,4364.644280,
,,4064.300660,
,,1860.670000,
,,839.620000,
,,347.330000,
,,3439.510764,
,,440.610000,
,,5794.674856,
,,2832.104969,
,,3083.059932,
,,2122.255517,
,,82.480000,
,,1228.107759,
,,1233.680000,
,,3261.045454,
,,3506.270258,
,,3781.561764,
,,6796.416413,
,,6526.183766,
,,3595.670980,
,,4054.342330,
,,142.270000,
,,3146.335590,
,,3203.345553,
,,1491.870000,
,,254.540000,
,,2128.203575,
,,2968.165645,
,,8111.370584,
,,2667.812721,
,,3764.072567,
,,3322.341007,
,,2903.412761,
,,3844.416135,
,,3603.088908,
,,1498.813936,
,,4321.153375,
,,4843.403462,
,,116.220000,
,,3358.708191,
,,3037.828683,
,,6453.389374,
,,1279.460000,
,,1983.040253,
,,1335.990000,
,,886.450000,
,,5264.309073,
,,1174.560000,
,,462.380000,
,,2815.728019,
,,3212.888156,
,,3643.617167,
,,1115.730000,
,,4780.825809,
,,3673.350464,
,,1203.073026,
,,4589.528860,
,,4032.706487,
,,1833.680000,
,,522.662909,
,,1586.960407,
,,3271.740783,
,,3797.049074,
,,442.390000,
,,3708.036999,
,,3457.764727,
,,5018.439543,
,,313.420000,
,,1782.969386,
,,3518.275769,
,,5053.817673,
,,3025.232096,
,,3216.329353,
,,3805.526861,
,,2102.993740,
,,1994.479313,
,,4662.717206,
,,5214.756562,
,,3185.537114,
,,4093.278181,
,,3194.559858,
,,187.670000,
,,3548.180801,
,,5975.621707,
,,4808.090978,
,,4592.389501,
,,1075.617480,
,,4676.820649,
,,979.720000,
,,1548.202988,
,,2948.307645,
,,900.714980,
,,2588.693854,
,,3299.105234,
,,2794.405197,
,,3595.633474,
,,3952.915865,
,,3807.976281,
,,496.640000,
,,2718.410000,
,,3052.615938,
,,505.030000,
,,1207.640000,
,,2961.879788,
,,4578.238673,
,,4470.397332,
,,4372.244472,
,,4216.963827,
,,4880.011935,
,,2371.087951,
,,3223.201014,
,,4385.731915,
,,3054.097419,
,,2659.889237,
,,2787.552184,
,,2889.102471,
,,3252.517950,
,,1013.770000,
,,1519.990000,
,,1889.440000,
,,3553.655374,
,,1695.990000,
,,5699.733068,
,,1499.353552,
,,4716.340502,
,,2800.579615,
,,3630.077501,
,,2021.256184,
,,1040.380000,
,,4930.684360,
,,2150.913235,
,,238.490000,
,,3976.764037,
,,1209.820000,
,,2837.691201,
,,3363.846693,
,,3347.103354,
,,99.560000,
,,3794.629229,
,,1324.690000,
,,3616.680468,
,,3695.697177,
,,6452.807262,
,,2529.551526,
,,1394.450000,
,,3251.011584,
,,816.310000,
,,3761.703212,
,,434.010000,
,,1187.840000,
,,2229.171078,
,,1618.620291,
,,1730.598529,
,,4183.772027,
,,3828.821621,
,,3135.438009,
,,4368.006465,
,,3145.360728,
,,5499.112627,
,,3517.268553,
,,168.740000,
,,4737.383798,
,,4412.128892,
,,3441.527236,
,,933.530290,
,,3215.519212,
,,3306.353046,
,,1431.790000,
,,1234.560000,
,,240.490000,
,,3073.038176,
,,3167.856611,
,,1800.389877,
,,1241.740000,
,,971.840000,
,,3890.442667,
,,3567.122053,
,,115.370000,
,,1807.750000,
,,4065.971628,
,,6501.616705,
,,1481.899098,
,,3376.715618,
,,3935.387400,
,,3958.689297,
,,1522.015867,
,,3556.299878,
,,3563.730724,
,,4798.890876,
,,1220.520000,
,,2927.401217,
,,3223.892923,
,,1441.837925,
,,7098.476127,
,,6226.764278,
,,192.010000,
,,99.470000,
,,3409.133637,
,,205.990000,
,,1273.380000,
,,3395.448222,
,,2653.823554,
,,1747.582881,
,,4975.966499,
,,1942.368286,
,,4368.950555,
,,2391.764083,
,,3679.274751,
,,1862.106298,
,,3494.117095,
,,4720.652055,
,,3845.067798,
,,2055.878369,
,,2386.083113,
,,5672.387150,
,,3070.114751,
,,3625.404671,
,,3186.648628,
,,516.840000,
,,1649.160000,
,,612.190000,
,,1862.186574,
,,2831.275401,
,,1606.683425,
,,4224.519686,
,,3407.911625,
,,3489.528525,
,,3998.618850,
,,1704.576476,
,,239.630000,
,,3233.843079,
,,137.540000,
,,3679.208892,
,,1495.747107,
,,3230.777324,
,,3154.249488,
,,2519.068423,
,,3284.687234,
,,4634.979911,
,,545.010000,
,,1030.340000,
,,2068.210469,
,,4154.379371,
,,4688.468177,
,,5523.657864,
,,3667.637687,
,,2789.483983,
,,672.619839,
,,4081.193816,
,,1916.920000,
,,1095.510000,
,,2955.226343,
,,3869.372299,
,,3768.157343,
,,3791.936925,
,,3153.520797,
,,3513.392361,
,,4365.684708,
,,2847.445110,
,,452.220000,
,,2439.203177,
,,1424.080000,
,,86.470000,
,,2965.254486,
,,3310.307363,
,,813.165624,
,,6035.647262,
,,3253.507618,
,,3560.159996,
,,909.816854,
,,3653.672482,
,,692.530000,
,,622.050000,
,,2580.969828,
,,3432.148868,
,,3593.970486,
,,4221.386735,
,,3547.068148,
,,3357.475416,
,,833.860000,
,,1469.000000,
,,4470.611737,
,,4322.119768,
,,4806.508227,
,,771.160000,
,,1680.114663,
,,3713.097693,
,,3691.509825,
,,3149.420000,
,,88.070000,
,,1134.370000,
,,2669.834369,
,,5606.494996,
,,1403.300000,
,,2132.911819,
,,278.310000,
,,2380.890538,
,,965.722150,
,,3355.374983,
,,4025.515832,
,,3003.773388,
,,3214.017092,
,,1338.413998,
,,2828.229976,
,,1131.990000,
,,3401.214232,
,,1578.493742,
,,683.090000,
,,1875.711160,
,,4342.203827,
,,3574.339725,
,,2168.220173,
,,2822.769058,
,,3247.668343,
,,3152.063975,
,,2489.858852,
,,1482.082500,
,,3427.888467,
,,1390.420000,
,,2954.763660,
,,3197.819426,
,,3501.813241,
,,3801.089911,
,,6319.552268,
,,1468.780000,
,,2975.999191,
,,338.460000,
,,2948.885810,
,,3662.582925,
,,2702.263936,
,,3355.917361,
,,2370.042762,
,,1189.420000,
,,734.170000,
,,556.840000,
,,2648.524121,
,,2939.878183,
,,3171.879704,
,,3542.984494,
,,3062.406820,
,,859.088755,
,,4826.637588,
,,4381.020274,
,,642.830000,
,,4395.413339,
,,1081.690000,
,,3412.529525,
,,3374.852647,
,,7551.280597,
,,4381.688846,
,,1046.570000,
,,3514.469940,
,,1996.189104,
,,3360.849035,
,,7472.472645,
,,486.820000,
,,3864.859962,
,,4189.675836,
,,3198.782617,
,,872.052928,
,,3253.495280,
,,2927.632149,
,,1351.533726,
,,647.040000,
,,97.390000,
,,2219.530186,
,,4642.153728,
,,1526.093119,
,,1558.060895,
,,3331.704505,
,,4303.028181,
,,971.700000,
,,2495.967600,
,,2173.741236,
,,3273.747567,
,,206.540000,
,,2611.505419,
,,3042.193403,
,,4358.334780,
,,5778.326200,
,,2954.701463,
,,3875.581555,
,,1209.827899,
,,1330.054994,
,,3561.939193,
,,3954.279673,
,,2678.866733,
,,4633.522815,
,,228.540000,
,,713.340000,
,,1516.132830,
,,1462.062387,
,,3153.198234,
,,2402.549770,
,,2218.921001,
,,310.520000,
,,3548.128006,
,,836.270000,
,,154.080000,
,,784.890000,
,,2633.233349,
,,3599.759027,
,,4304.477140,
,,4294.533379,
,,3437.455876,
,,4107.530402,
,,1917.209333,
,,1523.950000,
,,3000.198287,
,,845.340000,
,,3463.439222,
,,4358.001279,
,,4644.630827,
,,988.570000,
,,3636.421871,
,,4705.482699,
,,4200.053193,
,,2397.112451,
,,3891.799728,
,,5040.614739,
,,5525.865542,
,,3458.150000,
,,1039.102192,
,,2045.227041,
,,3455.366395,
,,1436.389110,
,,174.870000,
,,568.910000,
,,3093.822197,
,,3209.178139,
,,3326.283096,
,,2912.397978,
,,1717.960000,
,,3610.483816,
,,154.240000,
,,4020.156187,
,,3148.424515,
,,2104.792287,
,,4440.784647,
,,1884.619999,
,,1258.940000,
,,3705.790100,
,,2415.626618,
,,1112.907894,
,,1476.996140,
,,417.270000,
,,1448.780000,
,,2651.052885,
,,2209.653462,
,,6992.123120,
,,3035.718727,
,,1119.920000,
,,1366.195914,
,,3863.096419,
,,1928.665421,
,,2834.625765,
,,1160.680000,
,,3960.770784,
,,3222.330090,
,,1655.540000,
,,540.540000,
,,3569.220419,
,,3382.177214,
,,1401.440000,
,,1202.450000,
,,6575.073488,
,,1252.786732,
,,699.480000,
,,1190.020000,
,,3712.572240,
,,3262.178507,
,,1527.196375,
,,2686.566434,
,,3665.311354,
,,9118.314003,
,,1224.590000,
,,3664.208053,
,,3741.377110,
,,988.694521,
,,461.650000,
,,3411.179622,
,,4543.342171,
,,88.670000,
,,2251.881208,
,,2745.560000,
,,3782.443617,
,,2470.963280,
,,3156.647001,
,,2969.293130,
,,880.630000,
,,412.080000,
,,1790.808532,
,,2816.133483,
,,1156.730000,
,,228.220000,
,,393.160000,
,,4387.250253,
,,3349.731291,
,,423.100000,
,,3788.046333,
,,756.240000,
,,394.320000,
,,1827.095339,
,,3680.291815,
,,4135.623590,
,,3513.527613,
,,981.820000,
,,4348.057311,
,,1386.124149,
,,1700.164633,
,,1707.619659,
,,4866.294119,
,,3540.815866,
,,160.480000,
,,1176.500000,
,,3483.253932,
,,137.210000,
,,4390.268450,
,,3846.285090,
,,2456.133113,
,,3257.988616,
,,4194.010153,
,,886.790000,
,,1889.923483,
,,1536.640000,
,,4202.839219,
,,1031.870000,
,,2949.868247,
,,2081.314528,
,,3832.565802,
,,4302.916050,
,,3875.086828,
,,621.050000,
,,187.020000,
,,2354.720804,
,,110.240000,
,,4302.116936,
,,2016.297801,
,,4608.881235,
,,1149.300000,
,,4104.946263,
,,572.379818,
,,1791.327316,
,,1955.571008,
,,5153.081750,
,,4914.693887,
,,3743.997296,
,,1950.328823,
,,3034.213298,
,,111.370000,
,,3532.509162,
,,4234.695028,
,,3724.935899,
,,1078.899015,
,,3012.237730,
,,5756.629938,
,,2854.443515,
,,1478.960000,
,,2019.251131,
,,3443.479228,
,,2192.354146,
,,1714.315000,
,,2759.935483,
,,3286.085608,
,,992.156708,
,,3416.064204,
,,3318.343280,
,,3524.913026,
,,1499.574500,
,,257.800000,
,,658.323030,
,,1861.235711,
,,3636.943234,
,,3062.950167,
,,4065.892128,
,,2804.411144,
,,2538.778967,
,,6591.536914,
,,3251.518967,
,,148.350000,
,,2935.247079,
,,4282.787487,
,,2902.173864,
,,898.010000,
,,2622.438568,
,,4258.392517,
,,2298.655643,
,,2905.233469,
,,1555.820000,
,,3269.862795,
,,1398.455140,
,,965.650000,
,,246.530000,
,,4329.010552,
,,5504.189842,
,,3550.649771,
,,4098.244718,
,,342.710000,
,,4225.524629,
,,5409.036589,
,,4184.700764,
,,78.500000,
,,3424.292035,
,,1212.730000,
,,1988.773265,
,,638.990000,
,,1010.273620,
,,2431.537401,
,,2500.857087,
,,4204.092420,
,,1363.377186,
,,3576.145105,
,,2654.505920,
,,1928.250000,
,,4120.455314,
,,1444.544266,
,,2859.843945,
,,4463.413986,
,,335.740000,
,,1524.383004,
,,4138.194614,
,,3764.320375,
,,3609.645240,
,,1114.853718,
,,1921.261581,
,,2447.815605,
,,1345.500000,
,,2749.903444,
,,3796.755242,
,,1886.908455,
,,329.350000,
,,1623.760983,
,,138.620000,
,,2810.053313,
,,2885.268256,
,,2112.844980,
,,4362.274456,
,,3025.285920,
,,4025.892653,
,,981.357660,
,,1101.720000,
,,2873.428249,
,,3638.830000,
,,3584.877670,
,,3567.887255,
,,4396.840101,
,,3801.450029,
,,1152.110000,
,,4610.891329,
,,2310.615058,
,,775.460000,
,,3520.629381,
,,1313.780000,
,,3661.217324,
,,1428.585501,
,,2756.428511,
,,4307.283059,
,,147.240000,
,,939.430493,
,,1996.038279,
,,242.020000,
,,1822.976899,
,,3187.209702,
,,3595.252310,
,,6120.867070,
,,3107.044568,
,,1590.390000,
,,3914.917328,
,,4152.907862,
,,1466.949911,
,,3723.370966,
,,61.130000,
,,3723.590639,
,,7820.533948,
,,1166.080000,
,,224.560000,
,,3849.735768,
,,2715.210000,
,,317.640000,
,,1082.170000,
,,5755.317202,
,,3195.862085,
,,3705.642128,
,,199.040000,
,,4665.529178,
,,1647.600625,
,,3551.873343,
,,1995.733679,
,,1762.908546,
,,2831.182148,
,,4356.589310,
,,3274.921530,
,,6274.516852,
,,3782.891920,
,,3765.729567,
,,3364.316001,
,,2999.357784,
,,3299.828929,
,,2472.191020,
,,1685.910000,
,,2703.064480,
,,1537.513192,
,,2914.466448,
,,2282.774847,
,,859.193960,
,,3594.566969,
,,4066.275340,
,,1038.085990,
,,3242.376219,
,,4926.236353,
,,266.610000,
,,4255.268694,
,,314.178990,
,,5078.337852,
,,3578.668464,
,,3567.351326,
,,3470.224194,
,,5330.744854,
,,2705.275279,
,,5401.218278,
,,961.640000,
,,1471.060000,
,,1300.880000,
,,6280.108613,
,,2488.137157,
,,3309.712346,
,,2623.002024,
,,987.744964,
,,3417.663473,
,,2982.492375,
,,2686.346986,
,,1556.700000,
,,3348.648258,
,,3521.174977,
,,502.210000,
,,295.360000,
,,833.654000,
,,2967.814513,
,,1538.979582,
,,3502.940311,
,,652.170000,
,,3219.052005,
,,3375.513481,
,,3849.821112,
,,241.370000,
,,182.520000,
,,4435.847931,
,,926.420000,
,,1182.020000,
,,3592.724797,
,,2239.344518,
,,1340.667419,
,,1589.950000,
,,3702.255622,
,,3066.298780,
,,3547.127873,
,,603.030000,
,,5340.430723,
,,2566.462752,
,,4605.484485,
,,949.622720,
,,4445.416940,
,,4541.661898,
,,5219.448420,
,,911.120000,
,,4716.962185,
,,3121.892176,
,,122.300000,
,,7188.416231,
,,194.630000,
,,677.590000,
,,2241.645848,
,,3968.895179,
,,1650.259330,
,,6247.467102,
,,1458.810000,
,,2556.602623,
,,185.690000,
,,452.940000,
,,3179.006386,
,,6544.834896,
,,1083.180000,
,,4654.650569,
,,3254.182695,
,,2543.077555,
,,239.890000,
,,2740.776160,
,,641.035110,
,,1648.567320,
,,2194.167284,
,,3210.649637,
,,2290.504220,
,,2878.326204,
,,4183.396654,
,,3766.928384,
,,4753.899649,
,,3638.928023,
,,4885.797140,
,,852.319290,
,,2416.543973,
,,3455.176440,
,,3378.927839,
,,931.338250,
,,1256.610000,
,,230.330000,
,,1484.548451,
,,2840.325076,
,,1148.810000,
,,1729.782226,
,,5288.710502,
,,2965.268634,
,,1420.302000,
,,2818.465712,
,,3947.580024,
,,705.460000,
,,6324.152899,
,,3169.999120,
,,3350.671417,
,,5029.860785,
,,4182.698714,
,,5872.180577,
,,3174.210958,
,,196.820000,
,,4172.824436,
,,4614.936294,
,,642.550000,
,,1197.851759,
,,3118.134925,
,,2869.660629,
,,4187.552604,
,,1290.100000,
,,149.400000,
,,1808.906584,
,,4870.956972,
,,1063.347411,
,,2153.645880,
,,3078.651299,
,,3625.257535,
,,1973.720484,
,,1900.602018,
,,494.570000,
,,2186.988461,
,,884.621156,
,,1403.680000,
,,4165.958445,
,,5347.147125,
,,2617.498384,
,,7922.742656,
,,5838.899954,
,,2427.498647,
,,7407.175229,
,,123.000000,
,,4069.903655,
,,2546.869397,
,,3504.755769,
,,1479.750000,
,,2198.056412,
,,4448.013415,
,,2022.870917,
,,4210.080195,
,,2286.367173,
,,2852.124772,
,,3157.543958,
,,1564.160185,
,,3651.600691,
,,4416.262377,
,,2321.242445,
,,2136.449660,
,,2677.985809,
,,1171.383082,
,,1464.620000,
,,2318.625775,
,,2693.300949,
,,4125.449340,
,,5204.684335,
,,1766.681276,
,,3307.876421,
,,793.400000,
,,2976.808048,
,,3747.367243,
,,2904.116597,
,,1257.427152,
,,715.910000,
,,963.150000,
,,4053.391900,
,,3834.425411,
,,3558.150358,
,,4622.602309,
,,134.680000,
,,4490.561676,
,,3837.068869,
,,1824.530000,
,,3018.767245,
,,618.260000,
,,3022.520660,
,,4460.959384,
,,1095.070000,
,,3665.842654,
,,5205.015026,
,,4320.834299,
,,5820.336579,
,,4311.421398,
,,2978.525758,
,,3841.710230,
,,8425.652550,
,,4707.160494,
,,3674.403451,
,,3686.822699,
,,4532.626451,
,,5707.476892,
,,2111.212282,
,,159.820000,
,,3986.956248,
,,3718.325185,
,,2080.190642,
,,253.930000,
,,3519.941749,
,,1566.470000,
,,2820.928867,
,,3904.909841,
,,1008.080000,
,,3060.884109,
,,6189.971063,
,,1749.683502,
,,4793.150167,
,,2814.813105,
,,4755.900905,
,,1279.676813,
,,3352.662709,
,,860.860000,
,,5391.021522,
,,6136.764231,
,,4093.281948,
,,2231.830000,
,,2073.790000,
,,852.830000,
,,1623.352176,
,,2773.484409,
,,3436.661055,
,,2451.702511,
,,3617.853246,
,,1586.733134,
,,2529.424857,
,,3010.382345,
,,2860.664698,
,,4508.527021,
,,641.200000,
,,1174.900000,
,,5924.910170,
,,3167.409060,
,,711.760000,
,,1120.760000,
,,3115.090504,
,,5173.083638,
,,1879.020000,
,,3369.595416,
,,1376.199500,
,,4744.892241,
,,5148.984715,
,,2075.916601,
,,4667.010969,
,,4952.694636,
,,3077.661794,
,,3102.487760,
,,4455.973396,
,,3640.886095,
,,2463.758372,
,,3765.373157,
,,1262.120000,
,,4393.581649,
,,1106.320000,
,,3470.004385,
,,4287.439750,
,,5752.018712,
,,5420.361127,
,,3418.311067,
,,839.800000,
,,1497.112091,
,,1485.815732,
,,824.350000,
,,3890.164419,
,,4163.274157,
,,4301.188760,
,,1024.075947,
,,4142.883906,
,,747.005240,
,,2382.710000,
,,3718.858470,
,,3398.854653,
,,2238.782920,
,,1136.010000,
,,1757.350000,
,,426.660000,
,,130.280000,
,,1498.870000,
,,6389.567198,
,,3196.354509,
,,1850.694781,
,,4953.071616,
,,213.910000,
,,3525.959383,
,,556.970000,
,,2884.597585,
,,4513.440443,
,,3741.968522,
,,3167.142752,
,,488.030000,
,,1620.630000,
,,1462.300000,
,,2163.373999,
,,4118.198884,
,,3963.319564,
,,5587.835227,
,,506.311820,
,,7961.929585,
,,3847.355297,
,,3870.706369,
,,3077.769137,
,,3822.668856,
,,3389.155141,
,,1597.556548,
,,8024.607836,
,,3978.441872,
,,1031.468716,
,,4109.571373,
,,3655.827835,
,,962.495480,
,,3624.704085,
,,1630.633602,
,,815.630000,
,,3047.291959,
,,3977.337267,
,,2600.810540,
,,3114.665286,
,,859.070000,
,,1235.310000,
,,3878.254317,
,,1981.650000,
,,3282.861739,
,,1144.100000,
,,3579.788467,
,,4308.731401,
,,945.080000,
,,4086.490336,
,,8007.171871,
,,1504.992347,
,,3943.637708,
,,5214.707567,
,,4562.409240,
,,1708.497258,
,,5261.110200,
,,2741.625458,
,,3261.026176,
,,467.480000,
,,2794.198236,
,,3233.547026,
,,1410.580000,
,,2997.867973,
,,3987.159870,
,,3330.023436,
,,3006.287426,
,,2886.383945,
,,948.690000,
,,3682.229613,
,,1859.822014,
,,468.640000,
,,1565.288368,
,,925.680000,
,,4436.870468,
,,1804.581813,
,,1080.256157,
,,3251.412424,
,,4487.058384,
,,3001.082364,
,,774.370000,
,,2919.705128,
,,1973.212538,
,,3705.104290,
,,236.020000,
,,4223.798019,
,,665.440000,
,,4160.773730,
,,4075.672142,
,,3400.645468,
,,1664.726912,
,,1841.761467,
,,1710.933431,
,,4159.699413,
,,6392.796216,
,,5280.388680,
,,4518.852452,
,,2466.500610,
,,1023.150000,
,,3461.698580,
,,3852.141223,
,,3256.926549,
,,804.530000,
,,2553.257508,
,,3595.807553,
,,4158.896708,
,,2188.713490,
,,3495.443237,
,,1037.210000,
,,863.580000,
,,835.140000,
,,3461.916938,
,,2317.670780,
,,3234.558720,
,,3222.251876,
,,3077.896012,
,,2689.558258,
,,4544.830903,
,,5055.642566,
,,4382.536429,
,,1089.695994,
,,1371.840000,
,,1999.680000,
,,1735.210000,
,,1004.480000,
,,1740.680000,
,,2374.877253,
,,2822.371028,
,,4239.505723,
,,3471.121416,
,,3252.699650,
,,1446.582075,
,,3736.196447,
,,1623.170000,
,,852.740000,
,,3167.966721,
,,9527.749992,
,,1131.904105,
,,2639.590000,
,,702.021690,
,,3152.010849,
,,4434.303739,
,,2003.688741,
,,4551.107068,
,,4805.727350,
,,4056.731300,
,,4312.704980,
,,115.940000,
,,4524.502970,
,,3705.465503,
,,3318.457942,
,,3629.696577,
,,3789.291945,
,,2926.738868,
,,4052.189593,
,,1861.739482,
,,5693.810679,
,,98.050000,
,,4053.711746,
,,2229.414482,
,,717.110000,
,,4671.553200,
,,4180.926231,
,,3509.535616,
,,2721.729420,
,,3397.513602,
,,3547.832945,
,,1939.838215,
,,5441.023593,
,,2079.000742,
,,3414.718750,
,,3103.987953,
,,3844.191384,
,,3811.351521,
,,3792.968377,
,,1546.040000,
,,1668.300000,
,,881.540000,
,,3538.973359,
,,581.960000,
,,1377.400000,
,,1408.498810,
,,3770.488829,
,,194.940000,
,,3113.279910,
,,3735.566412,
,,1519.208755,
,,3349.851371,
,,3472.898536,
,,465.110000,
,,3920.284952,
,,990.588917,
,,2192.954443,
,,1081.210000,
,,113.400000,
,,3003.578125,
,,5786.488528,
,,1142.930000,
,,2152.298003,
,,3122.220901,
,,5645.422619,
,,1653.700499,
,,3704.283605,
,,2999.564173,
,,3035.752800,
,,1905.246942,
,,1174.059418,
,,4774.866635,
,,4620.980827,
,,3983.375981,
,,3998.398244,
,,4089.301187,
,,1454.380000,
,,3572.978370,
,,2584.599921,
,,3240.201336,
,,3622.466973,
,,3536.226591,
,,1765.394929,
,,3205.627241,
,,3688.807898,
,,2590.117438,
,,4682.098231,
,,260.390000,
,,192.860000,
,,763.410000,
,,567.450000,
,,4066.729602,
,,3430.400000,
,,1539.138067,
,,3841.725886,
,,1390.620000,
,,3110.616007,
,,3803.725373,
,,4218.121016,
,,3239.689763,
,,1467.450000,
,,1689.080000,
,,1983.379727,
,,2879.820120,
,,3945.131534,
,,4021.361722,
,,6508.736669,
,,1169.799817,
,,2274.574650,
,,1185.081653,
,,2657.001835,
,,1450.736953,
,,2110.620303,
,,2597.158192,
,,3458.925165,
,,2732.619915,
,,3193.162377,
,,149.280000,
,,3854.427658,
,,2776.977918,
,,3199.476719,
,,3750.137674,
,,4629.742215,
,,437.670000,
,,616.220000,
,,4377.245016,
,,4695.608454,
,,3265.997841,
,,135.740000,
,,2682.455950,
,,5629.842887,
,,1569.987081,
,,259.970000,
,,3568.025681,
,,3137.739315,
,,3703.406079,
,,3533.512355,
,,1744.502276,
,,3568.084490,
,,2365.922068,
,,1627.286350,
,,1641.290646,
,,3782.660176,
,,3060.589579,
,,1672.866906,
,,4802.286684,
,,261.480000,
,,1089.168555,
,,4726.838290,
,,9049.778823,
,,5282.580133,
,,4432.663250,
,,3632.826503,
,,143.050000,
,,3081.686863,
,,1723.780000,
,,1525.610000,
,,1255.050000,
,,240.880000,
,,1189.256500,
,,4045.112258,
,,4368.839013,
,,1607.326426,
,,2323.415538,
,,1728.567230,
,,2669.929296,
,,4239.559662,
,,4224.894640,
,,456.630000,
,,1002.810000,
,,1171.690914,
,,2945.195973,
,,2291.218751,
,,5816.298177,
,,731.334540,
,,4028.251950,
,,7606.651728,
,,2786.406757,
,,4627.638314,
,,4295.853880,
,,4544.738075,
,,3281.140840,
,,1897.547165,
,,4393.425459,
,,1646.944179,
,,4341.030151,
,,3450.716669,
,,2727.610084,
,,610.330000,
,,1684.919795,
,,4732.142331,
,,4143.670189,
,,3653.976150,
,,2948.936337,
,,1655.047712,
,,1793.132968,
,,7723.055761,
,,4278.353531,
,,2579.970000,
,,4745.642755,
,,3536.999838,
,,907.980000,
,,5897.055105,
,,2087.550000,
,,1451.690000,
,,303.140000,
,,164.400000,
,,1159.380000,
,,1920.055212,
,,2874.262100,
,,1139.120000,
,,3605.490399,
,,648.700000,
,,2944.203691,
,,3683.969110,
,,2309.291047,
,,1400.990000,
,,1923.070554,
,,3604.499678,
,,1145.298722,
,,1974.931169,
,,2849.192613,
,,1462.080000,
,,2127.740233,
,,4221.523956,
,,3764.544719,
,,2764.423254,
,,4438.871991,
,,4435.628002,
,,4252.313070,
,,3987.872822,
,,545.120000,
,,3841.118173,
,,1586.767211,
,,2570.097726,
,,4533.164506,
,,2827.618031,
,,1533.160000,
,,475.700000,
,,402.680000,
,,4435.710735,
,,3847.993345,
,,4569.871475,
,,1110.150000,
,,5699.789237,
,,4663.693655,
,,1945.988971,
,,5337.951995,
,,3636.734684,
,,3751.340846,
,,3885.486998,
,,2388.936631,
,,2069.801588,
,,4511.272948,
,,131.410000,
,,779.490000,
,,1615.816479,
,,3228.821636,
,,684.266600,
,,2850.501403,
,,722.595990,
,,216.260000,
,,4309.424489,
,,3051.532374,
,,4186.663094,
,,3918.646538,
,,913.230000,
,,1694.720000,
,,3780.312204,
,,3754.739200,
,,4594.245469,
,,1262.821310,
,,4417.331130,
,,3588.036717,
,,4898.804821,
,,3172.310370,
,,346.190000,
,,1382.390000,
,,2391.477666,
,,5771.954364,
,,4584.681911,
,,230.410000,
,,3645.504745,
,,4833.876980,
,,1119.310000,
,,4579.139483,
,,3168.139001,
,,4297.474514,
,,4257.891182,
,,3066.264442,
,,2774.480360,
,,4134.734271,
,,2961.812818,
,,1533.977823,
,,2812.526296,
,,2369.136711,
,,1567.759957,
,,1311.610000,
,,3526.020936,
,,3504.391768,
,,3660.721154,
,,3886.128694,
,,4588.020244,
,,883.940000,
,,571.430000,
,,2309.583579,
,,3701.313320,
,,3647.973102,
,,2553.489714,
,,5142.604576,
,,5140.504698,
,,5693.172539,
,,4609.502473,
,,4240.747863,
,,1688.789658,
,,3243.773791,
,,1052.870000,
,,1093.970000,
,,1533.957339,
,,2945.462953,
,,3241.311745,
,,2961.680205,
,,2856.554417,
,,870.635272,
,,3094.456933,
,,1005.516560,
,,148.280000,
,,999.480000,
,,135.140000,
,,453.830000,
,,1030.272368,
,,2859.677418,
,,1644.194392,
,,180.890000,
,,2543.333078,
,,1166.750000,
,,1083.430000,
,,1143.180000,
,,1899.060000,
,,1616.580000,
,,3980.994051,
,,1829.063475,
,,1262.721742,
,,307.610000,
,,922.777724,
,,2119.177903,
,,2601.558510,
,,3641.127152,
,,4116.443912,
,,3685.018579,
,,6681.515951,
,,4116.485311,
,,3426.062693,
,,4284.376498,
,,6423.331202,
,,646.632947,
,,1015.908950,
,,2417.475497,
,,3978.258760,
,,2139.192633,
,,1448.645480,
,,4171.764982,
,,4641.577263,
,,2633.394123,
,,4427.020721,
,,3090.630846,
,,3894.367990,
,,1078.340501,
,,4267.974393,
,,3400.005704,
,,3291.615097,
,,8510.285895,
,,1563.474877,
,,1840.447022,
,,2706.383485,
,,4362.305081,
,,3777.185684,
,,2295.122202,
,,758.420000,
,,2440.446500,
,,3041.793044,
,,2650.118846,
,,116.880000,
,,1139.770000,
,,2986.814598,
,,4971.544468,
,,8403.589956,
,,503.540000,
,,979.640000,
,,4863.705329,
,,2872.071921,
,,3004.782355,
,,2572.232658,
,,3008.766283,
,,1217.290000,
,,907.990000,
,,3278.591179,
,,3831.434923,
,,2117.641596,
,,2648.736230,
,,4649.889435,
,,805.170000,
,,3561.740603,
,,5055.669638,
,,3896.945198,
,,3907.796530,
,,2498.354596,
,,117.530000,
,,2349.428854,
,,1556.460000,
,,4260.935710,
,,3964.581640,
,,4525.657056,
,,4210.390282,
,,3656.331138,
,,1717.157285,
,,3902.839958,
,,2018.605818,
,,2749.490354,
,,3267.165100,
,,3559.303610,
,,160.830000,
,,5512.722105,
,,4949.598276,
,,3209.534880,
,,3410.733858,
,,3565.541173,
,,2243.257957,
,,1826.705644,
,,1519.917428,
,,4401.817930,
,,745.880000,
,,3702.479074,
,,2497.827190,
,,2790.623290,
,,205.780000,
,,1073.200000,
,,3028.825533,
,,5145.159792,
,,4068.172128,
,,3149.710008,
,,3782.974316,
,,1310.304380,
,,2340.580000,
,,1628.940000,
,,226.840000,
,,3572.614592,
,,4815.305840,
,,4451.335096,
,,2084.839393,
,,1512.937845,
,,3862.097150,
,,1760.385317,
,,3867.991960,
,,4526.405944,
,,5166.148510,
,,2261.131962,
,,3852.388705,
,,1390.310000,
,,4570.550673,
,,4182.815274,
,,1494.888131,
,,1741.191650,
,,1264.310000,
,,2457.390000,
,,820.440000,
,,4120.156004,
,,1265.170000,
,,3999.077250,
,,301.290000,
,,9109.670745,
,,7270.824066,
,,1674.140000,
,,2456.295970,
,,81.980000,
,,1217.924614,
,,2700.541653,
,,1046.090000,
,,5883.950212,
,,6160.255785,
,,4046.573796,
,,2465.030379,
,,1891.604180,
,,3815.774265,
,,1194.609286,
,,3661.635403,
,,3367.503288,
,,2736.069371,
,,3633.512435,
,,1603.540750,
,,1824.710000,
,,1085.550000,
,,3275.846763,
,,1096.100000,
,,4975.771889,
,,3043.966681,
,,1051.520000,
,,3268.286382,
,,4266.938340,
,,175.420000,
,,650.880000,
,,898.900000,
,,4703.491881,
,,3024.046963,
,,4975.182467,
,,2219.047854,
,,3197.164404,
,,3663.839621,
,,3396.043703,
,,2986.141770,
,,2592.018246,
,,3541.557701,
,,8580.446692,
,,3376.982506,
,,735.677735,
,,2111.255286,
,,4386.195975,
,,1990.576961,
,,837.750000,
,,4446.042552,
,,1556.806361,
,,3284.632435,
,,3220.977841,
,,1333.006001,
,,3856.798574,
,,1414.561045,
,,4518.894982,
,,2578.418352,
,,5506.215174,
,,3030.996553,
,,1500.444724,
,,3791.847925,
,,2765.358231,
,,2929.319970,
,,2237.080544,
,,4585.796003,
,,3543.272286,
,,3201.664020,
,,2043.646238,
,,1327.800000,
,,3474.756607,
,,1292.669999,
,,4277.960476,
,,1380.520000,
,,1536.360000,
,,3731.819200,
,,3285.756100,
,,204.470000,
,,2100.513197,
,,116.450000,
,,3794.656922,
,,246.100000,
,,3977.704348,
,,3433.454311,
,,3551.149459,
,,4964.203626,
,,5744.136105,
,,4521.985121,
,,1258.750000,
,,3350.236262,
,,3117.194922,
,,1835.640000,
,,1931.430000,
,,2390.232487,
,,2699.915132,
,,6208.098064,
,,1358.990000,
,,1396.442320,
,,4174.165815,
,,1585.611542,
,,3880.808545,
,,3137.626486,
,,1396.200000,
,,3843.270221,
,,2456.126032,
,,3485.647631,
,,4388.068336,
,,1731.392036,
,,3722.490130,
,,3411.033121,
,,5010.142875,
,,2041.537358,
,,1738.527269,
,,1971.008068,
,,4570.354624,
,,839.080000,
,,2909.209801,
,,4281.833028,
,,675.390000,
,,2334.102933,
,,446.870000,
,,3061.609974,
,,1299.890000,
,,4189.710786,
,,4864.814401,
,,3763.836020,
,,2716.478635,
,,1612.728649,
,,698.550000,
,,4687.170786,
,,2449.795094,
,,4126.425414,
,,1492.630000,
,,1880.020000,
,,3608.548903,
,,4232.787539,
,,3615.747311,
,,801.550000,
,,742.416840,
,,5380.460000,
,,2442.367394,
,,3113.335985,
,,1137.280000,
,,1121.080000,
,,1991.386372,
,,2328.362527,
,,1977.709154,
,,4920.607741,
,,2784.009237,
,,146.510000,
,,734.610000,
,,5810.515119,
,,1166.870000,
,,3811.821520,
,,2379.451592,
,,1019.899006,
,,1479.362931,
,,1515.768600,
,,1524.441408,
,,1199.780000,
,,185.710000,
,,238.460000,
,,3231.791908,
,,6852.908318,
,,1016.389760,
,,1780.090000,
,,1436.820000,
,,2298.497033,
,,1428.927443,
,,3867.576365,
,,2888.881599,
,,3358.598086,
,,3228.598793,
,,4668.836163,
,,4412.744227,
,,1449.580500,
,,4942.290575,
,,4231.402181,
,,2219.654169,
,,1711.400000,
,,165.980000,
,,1454.540650,
,,4798.753155,
,,1527.260000,
,,139.400000,
,,4507.953276,
,,2388.711161,
,,4158.987813,
,,4249.365456,
,,4458.995615,
,,1937.059354,
,,1197.250000,
,,3831.012848,
,,448.950000,
,,166.140000,
,,4182.599750,
,,3288.450248,
,,3871.530137,
,,6763.038817,
,,1111.409437,
,,2313.430000,
,,3026.345195,
,,3463.956558,
,,3307.926118,
,,3720.516652,
,,860.129300,
,,3140.613551,
,,1941.473397,
,,2841.273624,
,,5344.991524,
,,1580.357522,
,,2695.560000,
,,3414.252386,
,,3448.339863,
,,6746.445160,
,,5936.220290,
,,3057.020543,
,,2536.045789,
,,4478.272486,
,,3121.962652,
,,1568.119154,
,,4515.896577,
,,3521.826338,
,,193.840000,
,,166.240000,
,,257.090000,
,,1356.240842,
,,4139.162367,
,,591.560000,
,,3333.496708,
,,1544.730375,
,,1653.870000,
,,3285.825769,
,,3361.585333,
,,4513.913371,
,,1815.397539,
,,3570.186763,
,,2969.608202,
,,6017.961375,
,,3437.186414,
,,3228.969163,
,,4757.830937,
,,1872.810143,
,,4472.060255,
,,1676.246914,
,,1432.850000,
,,105.090000,
,,1478.180000,
,,106.020000,
,,2138.240000,
,,3205.255126,
,,839.380000,
,,3339.899481,
,,1030.770000,
,,2823.790000,
,,932.090000,
,,1041.130000,
,,215.160000,
,,6870.583499,
,,317.140000,
,,1449.290000,
,,3375.590291,
,,749.620000,
,,2098.892141,
,,3020.942325,
,,1521.327801,
,,2632.035891,
,,3552.097148,
,,4183.222471,
,,2516.427791,
,,772.500000,
,,3319.622410,
,,3587.427967,
,,2874.576554,
,,167.180000,
,,1062.550000,
,,2111.163172,
,,953.500000,
,,2829.240000,
,,2046.335799,
,,3754.807296,
,,4656.723299,
,,1540.441838,
,,1499.140000,
,,3863.126724,
,,3549.086871,
,,2365.261668,
,,3825.267983,
,,1558.959735,
,,5547.189829,
,,138.550000,
,,846.950000,
,,3545.603824,
,,3218.069858,
,,2261.460501,
,,1835.712397,
,,2711.328709,
,,3252.269424,
,,1185.961974,
,,4351.125937,
,,1154.520000,
,,3966.756683,
,,3965.863761,
,,2721.514227,
,,4334.605067,
,,1378.830540,
,,1427.900000,
,,735.160000,
,,109.460000,
,,1908.297737,
,,4020.404347,
,,3437.932796,
,,9029.601077,
,,3736.586812,
,,3236.042343,
,,5302.276860,
,,2114.822882,
,,3913.972949,
,,211.220000,
,,1746.470000,
,,3800.852552,
,,2346.459898,
,,1486.663786,
,,3283.199952,
,,855.143989,
,,514.820000,
,,402.020000,
,,2456.690000,
,,3573.879103,
,,508.960000,
,,2902.735779,
,,4710.471691,
,,4572.525686,
,,5099.300407,
,,4140.020697,
,,4320.949959,
,,3589.018630,
,,3529.678937,
,,4117.690000,
,,2789.830052,
,,4552.773997,
,,3528.226376,
,,1443.530000,
,,443.910000,
,,3319.111520,
,,3984.394335,
,,1379.023298,
,,2913.711053,
,,3955.134874,
,,1346.130000,
,,3240.515039,
,,1582.189648,
,,2462.954262,
,,2296.558953,
,,2475.399425,
,,3657.416389,
,,5189.301440,
,,3523.816600,
,,1799.908346,
,,3034.676247,
,,2482.890000,
,,3549.547762,
,,2568.008500,
,,3366.205044,
,,3732.154631,
,,2896.120806,
,,5044.020338,
,,4870.805546,
,,4477.499084,
,,4591.634157,
,,1404.020000,
,,4999.917665,
,,1943.431369,
,,2974.368233,
,,670.970000,
,,3875.672925,
,,3297.884463,
,,3009.576325,
,,452.580000,
,,1284.120000,
,,3470.353007,
,,4972.467580,
,,895.476445,
,,3857.591415,
,,6178.329646,
,,2244.324946,
,,523.468386,
,,2436.629924,
,,5497.042832,
,,3259.003979,
,,5891.312501,
,,945.380000,
,,1573.860000,
,,812.360000,
,,2408.823034,
,,1082.530000,
,,2924.348595,
,,3312.174565,
,,1586.499130,
,,3101.612900,
,,3804.092553,
,,4512.296867,
,,4412.190461,
,,790.240000,
,,127.070000,
,,1542.766775,
,,3862.219779,
,,4767.615099,
,,344.100000,
,,148.760000,
,,4373.050755,
,,2332.881787,
,,5960.176305,
,,3087.161291,
,,4848.702869,
,,3470.304791,
,,2642.161820,
,,3474.747515,
,,2060.094427,
,,4864.397028,
,,2464.000728,
,,4303.717501,
,,4171.422767,
,,2940.621681,
,,1323.800000,
,,1662.511030,
,,85.280000,
,,3101.849764,
,,4157.853191,
,,1253.361742,
,,1517.980000,
,,3082.041081,
,,2926.944187,
,,4634.956270,
,,3752.868346,
,,1785.240000,
,,2342.620627,
,,1319.249626,
,,1268.179178,
,,1437.400000,
,,1926.381726,
,,1233.656820,
,,348.550000,
,,909.270000,
,,1245.570000,
,,292.730000,
,,869.420000,
,,3842.828280,
,,819.928557,
,,5665.686523,
,,658.308451,
,,1019.510000,
,,2644.673069,
,,2785.156054,
,,2740.583927,
,,2920.977434,
,,2108.949332,
,,2772.241320,
,,5116.132351,
,,763.720000,
,,1000.880000,
,,143.820000,
,,1883.220000,
,,1293.730000,
,,4561.871748,
,,1066.410000,
,,2240.802826,
,,1877.615008,
,,907.640000,
,,76.580000,
,,1783.200000,
,,3122.586568,
,,4899.707025,
,,3828.960333,
,,3080.089653,
,,929.340000,
,,3236.716700,
,,6846.396585,
,,2935.558973,
,,4168.593612,
,,3519.344568,
,,3872.440297,
,,4047.274522,
,,73.720000,
,,790.530000,
,,1173.310000,
,,304.540000,
,,4138.123271,
,,4096.725543,
,,8810.536354,
,,4676.768656,
,,385.170000,
,,3900.703825,
,,5355.003346,
,,1339.650000,
,,244.500000,
,,195.360000,
,,4660.521695,
,,1158.350000,
,,2817.384886,
,,4509.797540,
,,742.980000,
,,6112.060243,
,,502.393029,
,,858.060000,
,,2729.743060,
,,2613.773811,
,,543.040000,
,,3919.093585,
,,4576.673008,
,,3587.583220,
,,3380.036198,
,,4382.645421,
,,2739.822849,
,,1672.414930,
,,3259.146058,
,,4393.030451,
,,2880.172606,
,,2010.680280,
,,2855.494994,
,,2508.822690,
,,1191.030000,
,,685.290000,
,,3312.733744,
,,1501.808077,
,,5125.460086,
,,6956.670769,
,,2555.031257,
,,4082.945827,
,,4289.003768,
,,1735.000000,
,,1809.906247,
,,132.770000,
,,1586.890000,
,,3082.233903,
,,1916.310000,
,,3677.340878,
,,2739.701398,
,,3273.943715,
,,3516.653887,
,,2672.189696,
,,1404.220000,
,,3681.480305,
,,3554.866310,
,,3085.462467,
,,1355.547876,
,,7789.055569,
,,3083.358171,
,,2719.668776,
,,60.480000,
,,3668.961284,
,,3466.893831,
,,3349.114520,
,,3840.120919,
,,3405.340443,
,,4198.187392,
,,3979.512220,
,,4780.358444,
,,4141.696780,
,,3260.955718,
,,1729.975487,
,,3585.517797,
,,2132.504186,
,,3827.695283,
,,1003.840000,
,,846.010000,
,,120.470000,
,,4542.721189,
,,1071.970000,
,,1745.970000,
,,3476.794797,
,,3513.190930,
,,6176.554077,
,,5416.834988,
,,618.430000,
,,4550.076325,
,,5417.452917,
,,950.410000,
,,1659.682139,
,,3049.681830,
,,1494.216500,
,,607.990000,
,,3494.238445,
,,4389.113367,
,,1173.540000,
,,3494.685769,
,,3148.331553,
,,4877.579814,
,,2793.510000,
,,450.960000,
,,328.720000,
,,2473.801729,
,,4167.070618,
,,3545.979026,
,,5683.847991,
,,3168.790165,
,,3584.658672,
,,4053.711847,
,,4102.703236,
,,1012.730000,
,,1434.130000,
,,513.820000,
,,4080.004347,
,,1269.736503,
,,2164.638860,
,,795.080000,
,,1988.816399,
,,831.010000,
,,1629.492932,
,,3052.507790,
,,4406.102201,
,,83.200000,
,,4226.961339,
,,5152.185860,
,,6966.276722,
,,519.070000,
,,3663.280547,
,,3474.461544,
,,3769.922895,
,,3568.762827,
,,2238.764221,
,,1236.500000,
,,4020.855108,
,,3460.465233,
,,1496.552107,
,,4906.972323,
,,1623.625484,
,,4469.406430,
,,957.060000,
,,3080.705992,
,,1537.227237,
,,3229.400967,
,,1157.800000,
,,1085.220000,
,,1662.514816,
,,176.500000,
,,3691.259473,
,,2637.046347,
,,5298.756305,
,,4686.411224,
,,1163.949489,
,,1873.178364,
,,2988.076314,
,,593.760000,
,,1102.280000,
,,3119.680862,
,,3151.546070,
,,2162.645940,
,,4591.667897,
,,5458.577868,
,,3639.797023,
,,5633.351197,
,,3514.648753,
,,815.400000,
,,334.970000,
,,3518.144749,
,,2066.108020,
,,2401.091837,
,,3528.693625,
,,2894.904910,
,,3941.578069,
,,1786.139123,
,,676.460000,
,,2625.150692,
,,1266.780000,
,,1932.619710,
,,3402.435243,
,,3157.447399,
,,4134.905460,
,,356.190000,
,,3150.869085,
,,4598.043718,
,,2801.166602,
,,2729.515906,
,,3278.218721,
,,2620.098198,
,,2153.592266,
,,712.230000,
,,2140.223571,
,,1075.328784,
,,3587.537734,
,,1595.018725,
,,2116.660000,
,,1807.589774,
,,4054.543330,
,,3544.336607,
,,4289.214440,
,,1812.585037,
,,1785.811913,
,,2810.714045,
,,3156.186742,
,,4899.911644,
,,2944.382068,
,,4834.754223,
,,2978.055319,
,,2149.845491,
,,3735.088739,
,,3487.902824,
,,3162.930927,
,,2115.736304,
,,3718.886701,
,,3475.625130,
,,2448.765600,
,,3523.540308,
,,4049.406866,
,,4028.874178,
,,3106.465353,
,,4048.010597,
,,1085.920000,
,,2839.526963,
,,2880.914640,
,,4815.202826,
,,3825.618570,
,,2909.459727,
,,1135.251440,
,,1989.003131,
,,2197.071837,
,,1086.980000,
,,3679.944671,
,,3938.510002,
,,628.927637,
,,5429.789052,
,,4236.141930,
,,306.390000,
,,195.670000,
,,3250.144980,
,,2952.381765,
,,4132.263529,
,,2650.279461,
,,2567.652563,
,,1229.852049,
,,2578.522420,
,,3601.027916,
,,1314.615509,
,,177.010000,
,,1273.260000,
,,321.980000,
,,2390.200912,
,,1703.981955,
,,1140.651757,
,,1597.656764,
,,3687.666770,
,,4076.794377,
,,4520.124277,
,,1396.575574,
,,4042.214391,
,,3667.824872,
,,754.982192,
,,1172.860000,
,,2031.421752,
,,1501.380000,
,,2058.471421,
,,902.740000,
,,3586.165543,
,,4183.838908,
,,2182.422254,
,,3013.866858,
,,3391.501015,
,,507.680000,
,,3544.827349,
,,2627.587814,
,,2905.096875,
,,2960.649886,
,,3522.131086,
,,4572.567566,
,,105.480000,
,,1049.500000,
,,3786.988855,
,,4110.561833,
,,1917.776652,
,,296.560000,
,,204.910000,
,,1772.390000,
,,3169.340284,
,,281.630000,
,,2785.854191,
,,3531.061965,
,,3698.036336,
,,72.220000,
,,482.400000,
,,63.390000,
,,2538.652055,
,,4895.615883,
,,3012.801022,
,,4339.970483,
,,1246.245052,
,,1072.020000,
,,1066.440000,
,,1044.660000,
,,1539.150000,
,,1496.966147,
,,6123.453430,
,,5586.858890,
,,1455.290000,
,,2267.658609,
,,3261.118697,
,,2950.791090,
,,913.116080,
,,3656.266084,
,,2280.167390,
,,2144.282037,
,,4036.001615,
,,3970.849845,
,,8059.215247,
,,3848.739724,
,,4359.870888,
,,4919.705010,
,,4589.998068,
,,1231.130000,
,,3904.316289,
,,2503.744810,
,,590.920000,
,,6208.861159,
,,375.260000,
,,1334.186598,
,,3692.224648,
,,199.470000,
,,1052.745788,
,,3368.205578,
,,3713.790878,
,,172.870000,
,,4826.239112,
,,4679.313231,
,,1094.890000,
,,4066.758122,
,,2867.533946,
,,494.410000,
,,3151.833542,
,,4409.609808,
,,3501.049346,
,,2401.280975,
,,3697.379977,
,,1684.049133,
,,1743.350691,
,,466.580000,
,,3139.970607,
,,5135.141363,
,,1688.427896,
,,4255.535915,
,,1048.970000,
,,1450.590000,
,,1407.010000,
,,1586.320000,
,,167.250000,
,,4052.475670,
,,1100.120000,
,,2681.861602,
,,2985.535331,
,,1598.323926,
,,4626.097373,
,,3015.831458,
,,4385.336285,
,,1557.528081,
,,1964.855364,
,,3112.673020,
,,1181.030000,
,,3132.492058,
,,643.111380,
,,3603.908303,
,,1834.767370,
,,3519.021049,
,,198.930000,
,,1177.224471,
,,3304.874378,
,,2528.317754,
,,3544.097888,
,,1907.952661,
,,665.190000,
,,314.680000,
,,2352.653960,
,,3448.576511,
,,3081.669633,
,,127.710000,
,,1763.022448,
,,3815.002015,
,,2216.108287,
,,83.180000,
,,1221.836121,
,,1652.916881,
,,1385.290000,
,,8629.710087,
,,601.490000,
,,183.324010,
,,1803.437805,
,,669.030000,
,,2705.598290,
,,3522.107727,
,,1506.594760,
,,4654.840137,
,,4523.783329,
,,74.430000,
,,245.370000,
,,2603.492597,
,,516.710000,
,,2880.471295,
,,4280.444862,
,,2494.385276,
,,1081.410000,
,,326.970000,
,,2072.734614,
,,1454.625535,
,,3444.556984,
,,766.840000,
,,873.940000,
,,3123.984572,
,,2867.664266,
,,2199.866911,
,,1244.090952,
,,1529.957497,
,,4200.691866,
,,3285.143030,
,,3946.380752,
,,2344.525145,
,,1227.110000,
,,4063.266569,
,,4634.977283,
,,3712.515280,
,,516.320000,
,,1766.780000,
,,4509.385214,
,,828.802730,
,,3650.237791,
,,3204.124929,
,,2069.829839,
,,3751.934280,
,,2030.748653,
,,1568.879232,
,,3821.185075,
,,3050.746426,
,,1601.380000,
,,4015.535702,
,,2684.275408,
,,2981.570514,
,,1943.625784,
,,591.820000,
,,1182.856206,
,,3298.155010,
,,2529.570531,
,,4085.577909,
,,600.750000,
,,2461.476183,
,,3571.460625,
,,3867.996360,
,,2778.856078,
,,2852.983513,
,,690.330000,
,,3968.538974,
,,2167.727761,
,,3129.821434,
,,678.420000,
,,4314.523443,
,,2236.811580,
,,4378.010711,
,,1762.503990,
,,1767.440000,
,,1757.830000,
,,359.500000,
,,3626.497373,
,,5685.655862,
,,2044.225127,
,,1447.900000,
,,4275.230400,
,,2461.092896,
,,4670.075920,
,,265.240000,
,,129.350000,
,,3429.224430,
,,2937.277919,
,,3760.800988,
,,4007.883599,
,,238.010000,
,,3137.267303,
,,3070.686757,
,,1653.811942,
,,1941.187085,
,,5602.692866,
,,1644.436209,
,,3602.004892,
,,4235.088848,
,,296.050000,
,,231.120000,
,,5048.974873,
,,394.930000,
,,4323.958761,
,,1895.624645,
,,1757.311179,
,,1377.922174,
,,3829.913355,
,,4166.804102,
,,6300.043318,
,,3787.701414,
,,4807.869937,
,,640.700000,
,,3169.969684,
,,3701.550378,
,,2310.158893,
,,3664.635636,
,,4296.281060,
,,836.890000,
,,1723.390000,
,,4083.092686,
,,2829.766785,
,,2587.312534,
,,3537.145194,
,,1032.548420,
,,2115.143014,
,,1160.130000,
,,3546.471462,
,,2930.231565,
,,195.560000,
,,1686.043840,
,,1436.250000,
,,163.020000,
,,181.810000,
,,392.870000,
,,2843.288813,
,,4284.582942,
,,1780.441029,
,,2514.725529,
,,3089.230969,
,,3325.944819,
,,714.750000,
,,2288.669121,
,,3359.236662,
,,1122.970000,
,,4161.139939,
,,315.740000,
,,223.390000,
,,4875.685791,
,,1734.222083,
,,3700.320964,
,,73.920000,
,,3178.818564,
,,4406.063992,
,,4564.099558,
,,4750.109596,
,,8014.130636,
,,2948.809581,
,,4739.304118,
,,1056.818100,
,,3380.396593,
,,1849.597145,
,,1909.380000,
,,3325.277961,
,,2831.379952,
,,3693.421138,
,,4371.796589,
,,2978.460488,
,,3165.484778,
,,281.020000,
,,145.350000,
,,1206.190000,
,,5139.101994,
,,3288.996070,
,,890.062127,
,,1623.805744,
,,1409.130000,
,,1564.640000,
,,4482.259875,
,,3890.441159,
,,3824.020264,
,,3025.179539,
,,2427.865335,
,,2982.205756,
,,5231.211071,
,,1402.221928,
,,4680.821541,
,,2712.585554,
,,4575.985283,
,,5004.239490,
,,3064.508357,
,,8609.114639,
,,4512.582808,
,,5302.027282,
,,4679.158701,
,,671.108038,
,,4395.278039,
,,6431.868526,
,,3673.392982,
,,2571.065740,
,,7383.001046,
,,1915.382139,
,,3089.414071,
,,3140.750262,
,,2045.014538,
,,4205.261098,
,,2925.795701,
,,1569.580543,
,,2752.050562,
,,2262.666088,
,,1701.970000,
,,493.770000,
,,4540.977869,
,,1589.106599,
,,1376.361603,
,,2097.905908,
,,1964.901274,
,,1235.130000,
,,2056.030812,
,,2960.037517,
,,2926.278196,
,,3280.369338,
,,201.430000,
,,5840.640245,
,,2303.976026,
,,774.020000,
,,3192.404490,
,,4292.352743,
,,2749.690000,
,,2468.791455,
,,4367.096405,
,,2823.119265,
,,4293.103898,
,,719.900000,
,,1438.813417,
,,3475.682670,
,,1070.300000,
,,1565.330000,
,,1542.110100,
,,5529.169411,
,,2259.239003,
,,2015.661753,
,,2999.527819,
,,994.850000,
,,1509.043591,
,,4168.270988,
,,5700.642624,
,,3766.671086,
,,1160.590000,
,,2002.349948,
,,2677.716106,
,,1446.697409,
,,4275.975078,
,,3538.474151,
,,1458.767484,
,,1970.859803,
,,2264.542999,
,,5597.380504,
,,2986.722968,
,,5515.692366,
,,4915.174310,
,,2972.524597,
,,1546.542519,
,,3584.975577,
,,1854.544176,
,,3041.261325,
,,2703.969123,
,,3771.851147,
,,2155.396524,
,,3327.999496,
,,907.090000,
,,1174.660000,
,,898.500000,
,,2704.822303,
,,2987.690421,
,,1910.928070,
,,2525.318351,
,,876.280000,
,,4834.875232,
,,3996.877174,
,,895.650000,
,,6998.573684,
,,1922.852598,
,,1702.690000,
,,1652.670000,
,,2109.030000,
,,1031.439928,
,,4891.778539,
,,1802.760000,
,,173.960000,
,,398.110000,
,,832.570000,
,,1258.190000,
,,2966.951661,
,,225.800000,
,,410.040000,
,,4718.401051,
,,1856.056113,
,,2851.902584,
,,5324.164454,
,,4863.167332,
,,1813.680000,
,,2428.205656,
,,828.950000,
,,1480.327299,
,,3353.779059,
,,1365.930000,
,,2879.623404,
,,180.150000,
,,4453.846817,
,,250.320000,
,,3966.848901,
,,1522.095145,
,,4328.843004,
,,3840.120998,
,,4514.015503,
,,4171.743000,
,,4422.819035,
,,5066.457148,
,,2847.477539,
,,3577.559739,
,,4369.913175,
,,522.770000,
,,1555.820000,
,,2290.702058,
,,2890.600721,
,,5730.715688,
,,3563.166188,
,,4587.899905,
,,3066.076829,
,,3187.500687,
,,3134.893154,
,,3370.629516,
,,3728.649629,
,,3359.512552,
,,1191.130000,
,,1638.600000,
,,1523.800000,
,,1623.690000,
,,3082.597818,
,,1387.762500,
,,1084.790000,
,,4512.458345,
,,1857.878305,
,,4890.488773,
,,8648.437682,
,,3269.876300,
,,1995.434886,
,,4634.201903,
,,2146.024075,
,,2042.373029,
,,2734.052411,
,,3028.186005,
,,2535.950000,
,,930.250000,
,,1658.436100,
,,1355.117807,
,,1419.081499,
,,3325.409999,
,,1559.806878,
,,4740.625899,
,,1595.738588,
,,3994.308712,
,,660.300000,
,,31.760000,
,,159.470000,
,,1094.210000,
,,3542.528866,
,,2818.130072,
,,3591.088517,
,,3319.743339,
,,4351.700454,
,,2855.370325,
,,3466.265297,
,,1801.976282,
,,1188.360000,
,,923.570000,
,,3534.246253,
,,2177.408580,
,,1003.844912,
,,1242.579304,
,,3260.076014,
,,2952.577744,
,,1204.570000,
,,697.050000,
,,4639.126516,
,,3774.791323,
,,1213.077283,
,,3511.153059,
,,2498.467194,
,,3551.834597,
,,295.200000,
,,3238.485804,
,,5376.536620,
,,3193.172390,
,,1292.390000,
,,2090.136580,
,,2919.695843,
,,5895.197901,
,,1550.730000,
,,1968.920000,
,,1783.760000,
,,1410.510000,
,,775.030000,
,,852.998100,
,,3791.076487,
,,3622.276129,
,,2133.922141,
,,5625.443598,
,,339.070000,
,,157.800000,
,,4186.110000,
,,943.604987,
,,5580.397873,
,,2145.961524,
,,4537.709145,
,,1404.070000,
,,7065.357989,
,,1074.270000,
,,3643.763699,
,,1846.415938,
,,554.970000,
,,2825.857228,
,,2883.748209,
,,2352.660290,
,,2834.051355,
,,525.940000,
,,3113.520545,
,,3933.973618,
,,5035.078402,
,,2077.314844,
,,2103.411904,
,,2483.788299,
,,3413.740982,
,,3974.176075,
,,3126.797193,
,,1052.520000,
,,4536.562188,
,,4514.494862,
,,4633.095319,
,,4776.844590,
,,3781.887882,
,,4453.122805,
,,1817.727863,
,,2315.102558,
,,2075.026159,
,,2223.483508,
,,4186.187653,
,,1314.520000,
,,4470.513520,
,,5230.275191,
,,3262.566997,
,,2757.432174,
,,1644.989064,
,,3594.646491,
,,9170.378106,
,,2987.914791,
,,1470.367929,
,,1440.313619,
,,6579.305353,
,,6602.235822,
,,1584.053002,
,,3721.486561,
,,2024.425860,
,,4900.680340,
,,537.810000,
,,3044.944615,
,,4403.762049,
,,65.170000,
,,3753.355846,
,,6302.532575,
,,3457.728266,
,,1325.201880,
,,1908.818501,
,,1537.180000,
,,734.440000,
,,749.750000,
,,365.760000,
,,3691.922295,
,,359.570000,
,,263.480000,
,,2900.011662,
,,3855.182364,
,,1675.722202,
,,3056.027212,
,,3300.936964,
,,3413.300456,
,,4636.421355,
,,937.995596,
,,4485.958347,
,,4783.226381,
,,3426.417460,
,,4534.187236,
,,2492.977469,
,,1478.570000,
,,5133.931234,
,,1668.956412,
,,3929.941485,
,,4665.572762,
,,4047.977151,
,,2796.500847,
,,2309.830656,
,,3043.668039,
,,2849.750974,
,,699.300000,
,,4546.775680,
,,2354.391288,
,,1847.530000,
,,54.950000,
,,1402.035760,
,,1171.240000,
,,1346.735800,
,,4630.150194,
,,2272.394626,
,,600.180000,
,,3176.324465,
,,1292.420778,
,,7306.261292,
,,3499.350868,
,,3599.809313,
,,1493.850000,
,,1565.330000,
,,1479.820000,
,,2873.648078,
,,2120.437504,
,,4254.698084,
,,3753.226737,
,,1300.540000,
,,1380.302710,
,,1528.900000,
,,1712.050000,
,,1197.270000,
,,1732.910000,
,,463.860000,
,,3435.807982,
,,5680.968400,
,,3099.437042,
,,4137.894962,
,,2564.942251,
,,3137.630629,
,,2757.733675,
,,4336.845837,
,,2259.413759,
,,4018.063825,
,,2154.890032,
,,6191.107135,
,,4558.727041,
,,1373.960000,
,,4720.776308,
,,800.000000,
,,2645.899653,
,,4754.620068,
,,3318.737545,
,,1001.010000,
,,4854.858714,
,,775.550000,
,,1084.916403,
,,5178.173442,
,,3460.159948,
,,340.900000,
,,131.830000,
,,722.580000,
,,2979.321252,
,,3483.146397,
,,2598.716241,
,,1092.130000,
,,1370.761576,
,,5288.961270,
,,1958.102995,
,,3728.046421,
,,5098.625840,
,,4726.373136,
,,2338.350000,
,,2761.636773,
,,646.160000,
,,2978.446961,
,,2869.704516,
,,3241.328174,
,,3508.495837,
,,1606.420000,
,,903.900000,
,,4460.345666,
,,1716.660455,
,,252.730000,
,,1733.590000,
,,2020.360000,
,,206.970000,
,,1722.340000,
,,4337.322115,
,,1301.478232,
,,228.530000,
,,141.630000,
,,200.750000,
,,4761.755552,
,,2856.201830,
,,4633.393649,
,,3280.247764,
,,1766.780877,
,,2581.892811,
,,3668.837495,
,,3750.166311,
,,3272.094085,
,,3828.215591,
,,1184.940000,
,,1949.650321,
,,2795.120478,
,,1934.200000,
,,2287.182893,
,,279.750000,
,,1900.434404,
,,326.150000,
,,2476.470371,
,,1147.900000,
,,5289.244247,
,,3983.750035,
,,2337.171950,
,,3312.503708,
,,1218.510279,
,,4556.373680,
,,1410.375608,
,,1213.448120,
,,2914.263259,
,,3282.244958,
,,945.728240,
,,1587.744733,
,,390.854070,
,,3846.203421,
,,3214.149302,
,,1395.470000,
,,621.440000,
,,4002.497246,
,,3706.432499,
,,538.680000,
,,2553.770000,
,,3011.967802,
,,3549.408061,
,,3232.431047,
,,1197.491636,
,,4720.831445,
,,5729.580147,
,,1428.290000,
,,3005.025031,
,,3346.830000,
,,751.740000,
,,3917.339504,
,,2071.220000,
,,1344.813500,
,,476.060000,
,,307.450000,
,,743.140000,
,,1768.824477,
,,5318.293438,
,,1798.490000,
,,1977.215231,
,,7987.188229,
,,3473.012234,
,,1535.470692,
,,3041.102700,
,,1778.839614,
,,266.140000,
,,1784.486328,
,,2793.700672,
,,1492.003460,
,,3270.613662,
,,1473.351712,
,,197.010000,
,,1381.500000,
,,2916.347063,
,,1703.796521,
,,4844.825188,
,,343.300000,
,,3793.087127,
,,4437.983936,
,,851.220000,
,,8347.153845,
,,2741.781148,
,,3313.263426,
,,910.062830,
,,293.110000,
,,5606.214903,
,,1824.414165,
,,2449.806176,
,,3796.596902,
,,782.320000,
,,3210.285625,
,,3129.845964,
,,1552.162575,
,,3380.889948,
,,4877.825839,
,,1713.984619,
,,2618.145510,
,,3752.198607,
,,3520.427520,
,,2541.076582,
,,2759.262581,
,,102.360000,
,,619.690000,
,,2601.412239,
,,854.950000,
,,2332.165442,
,,5714.364371,
,,1062.930000,
,,784.560000,
,,1438.110000,
,,959.750000,
,,686.540000,
,,227.750000,
,,2877.387151,
,,3187.160591,
,,2900.215974,
,,4030.582074,
,,3890.495259,
,,1583.810000,
,,4313.880458,
,,1239.130000,
,,3406.564306,
,,2920.578015,
,,2626.558635,
,,2577.987381,
,,2511.805906,
,,647.910000,
,,3263.413590,
,,6014.209756,
,,1796.316046,
,,652.320000,
,,1910.608699,
,,2095.361431,
,,3466.932282,
,,2737.462518,
,,3085.370021,
,,3253.821562,
,,1561.150000,
,,3567.414407,
,,3932.119691,
,,2207.427611,
,,1449.770000,
,,1062.760000,
,,1287.150000,
,,3490.386917,
,,4300.602972,
,,5388.655696,
,,2516.828781,
,,3466.841048,
,,200.430000,
,,723.050000,
,,906.064335,
,,3331.467889,
,,1600.154692,
,,9003.546733,
,,1403.160000,
,,3338.136259,
,,1425.267021,
,,1688.848800,
,,2572.527020,
,,3719.515615,
,,2346.982518,
,,1231.364651,
,,134.880000,
,,3587.047014,
,,7207.109174,
,,1517.070000,
,,1143.040000,
,,1558.610000,
,,464.790000,
,,3273.815637,
,,706.050000,
,,2257.314923,
,,3804.164018,
,,2626.433491,
,,4853.300807,
,,1743.480000,
,,5101.386401,
,,3627.200132,
,,198.170000,
,,1479.840000,
,,4580.905942,
,,2885.522421,
,,3407.762567,
,,3737.441360,
,,3329.616712,
,,326.880000,
,,135.720000,
,,938.600000,
,,1963.010000,
,,1591.790000,
,,3165.681552,
,,3656.988370,
,,1310.400000,
,,4139.829697,
,,3877.988286,
,,550.196349,
,,146.870000,
,,247.940000,
,,3355.073396,
,,597.640000,
,,2810.799130,
,,4691.304280,
,,5685.023792,
,,2354.259045,
