DATE,SOURCE,SPEND
2026-03-06,fivetran_facebook,350.84999999999997
2026-03-06,fivetran_google,1528.269369
2026-03-05,fivetran_facebook,645.430001
2026-03-05,fivetran_google,3972.914494
2026-03-04,adjust_api,15665.986
2026-03-04,fivetran_facebook,727.36
2026-03-04,fivetran_google,4034.108747
2026-03-03,adjust_api,15315.911400000003
2026-03-03,fivetran_facebook,754.7900000000001
2026-03-03,fivetran_google,4015.750742
2026-03-02,adjust_api,17007.418599999997
2026-03-02,fivetran_facebook,677.5999999999999
2026-03-02,fivetran_google,3748.699025
2026-03-01,adjust_api,17991.1468
2026-03-01,fivetran_facebook,843.9599999999999
2026-03-01,fivetran_google,4283.852388
2026-02-28,adjust_api,17017.0332
2026-02-28,fivetran_facebook,801.0999999999998
2026-02-28,fivetran_google,3867.8264
2026-02-27,adjust_api,18066.7663
2026-02-27,fivetran_facebook,702.8499999999999
2026-02-27,fivetran_google,3813.155906
2026-02-26,adjust_api,16626.730900000002
2026-02-26,fivetran_facebook,668.09
2026-02-26,fivetran_google,3730.048056
2026-02-25,adjust_api,16945.3269
2026-02-25,fivetran_facebook,608.0000000000002
2026-02-25,fivetran_google,3697.19056
2026-02-24,adjust_api,16615.8164
2026-02-24,fivetran_facebook,668.7900000000001
2026-02-24,fivetran_google,3722.289572
2026-02-23,adjust_api,17231.4541
2026-02-23,fivetran_facebook,649.15
2026-02-23,fivetran_google,3804.104049
2026-02-22,adjust_api,17637.735499999995
2026-02-22,fivetran_facebook,743.9200000000001
2026-02-22,fivetran_google,4079.797579
2026-02-21,adjust_api,16715.2114
2026-02-21,fivetran_facebook,704.2099999999998
2026-02-21,fivetran_google,3856.866421
2026-02-20,adjust_api,15853.227399999998
2026-02-20,fivetran_facebook,832.3100000000001
2026-02-20,fivetran_google,3941.829515
2026-02-19,adjust_api,16875.5339
2026-02-19,fivetran_facebook,620.75
2026-02-19,fivetran_google,3907.431455
2026-02-18,adjust_api,16883.8186
2026-02-18,fivetran_facebook,678.49
2026-02-18,fivetran_google,3914.424839
2026-02-17,adjust_api,17352.861299999997
2026-02-17,fivetran_facebook,631.52
2026-02-17,fivetran_google,4166.933763999999
2026-02-16,adjust_api,17908.296800000004
2026-02-16,fivetran_facebook,727.31
2026-02-16,fivetran_google,4057.751679
2026-02-15,adjust_api,18894.8304
2026-02-15,fivetran_facebook,673.48
2026-02-15,fivetran_google,4111.103838
2026-02-14,adjust_api,18356.5649
2026-02-14,fivetran_facebook,764.3900000000001
2026-02-14,fivetran_google,4109.784776
2026-02-13,adjust_api,17770.7601
2026-02-13,fivetran_facebook,662.34
2026-02-13,fivetran_google,3904.841828
2026-02-12,adjust_api,17669.2623
2026-02-12,fivetran_facebook,687.37
2026-02-12,fivetran_google,3930.76559
2026-02-11,adjust_api,17950.6088
2026-02-11,fivetran_facebook,658.95
2026-02-11,fivetran_google,3958.776566
2026-02-10,adjust_api,17884.8725
2026-02-10,fivetran_facebook,604.06
2026-02-10,fivetran_google,3776.7896220000002
2026-02-09,adjust_api,18769.500499999995
2026-02-09,fivetran_facebook,640.02
2026-02-09,fivetran_google,3984.539568
2026-02-08,adjust_api,18462.7515
2026-02-08,fivetran_facebook,835.0300000000001
2026-02-08,fivetran_google,4015.879387
2026-02-07,adjust_api,18066.2795
2026-02-07,fivetran_facebook,773.78
2026-02-07,fivetran_google,4078.458638
2026-02-06,adjust_api,17827.5122
2026-02-06,fivetran_facebook,630.1
2026-02-06,fivetran_google,3755.159217
2026-02-05,adjust_api,17938.018
2026-02-05,fivetran_facebook,719.95
2026-02-05,fivetran_google,3772.9643730000003
2026-02-04,adjust_api,17280.7211
2026-02-04,fivetran_facebook,673.9999999999999
2026-02-04,fivetran_google,3084.10084
2026-02-03,adjust_api,17063.581700000002
2026-02-03,fivetran_facebook,665.44
2026-02-03,fivetran_google,3108.5219740000002
2026-02-02,adjust_api,16645.5877
2026-02-02,fivetran_facebook,658.37
2026-02-02,fivetran_google,2910.4329789999997
2026-02-01,adjust_api,17179.334300000002
2026-02-01,fivetran_facebook,745.7400000000001
2026-02-01,fivetran_google,2842.689647
2026-01-31,adjust_api,16462.0164
2026-01-31,fivetran_facebook,757.0199999999999
2026-01-31,fivetran_google,2776.7012369999998
2026-01-30,adjust_api,18259.7921
2026-01-30,fivetran_facebook,685.38
2026-01-30,fivetran_google,3361.207543
2026-01-29,adjust_api,17263.0998
2026-01-29,fivetran_facebook,616.9300000000001
2026-01-29,fivetran_google,4211.8951289999995
2026-01-28,adjust_api,17148.0818
2026-01-28,fivetran_facebook,645.0
2026-01-28,fivetran_google,4559.733555
2026-01-27,adjust_api,18673.730800000005
2026-01-27,fivetran_facebook,637.3999999999999
2026-01-27,fivetran_google,4172.640138
2026-01-26,adjust_api,18336.0199
2026-01-26,fivetran_facebook,787.6700000000001
2026-01-26,fivetran_google,4541.888696
2026-01-25,adjust_api,19164.1333
2026-01-25,fivetran_facebook,727.1700000000001
2026-01-25,fivetran_google,4471.883674999999
2026-01-24,adjust_api,18043.4146
2026-01-24,fivetran_facebook,794.5999999999999
2026-01-24,fivetran_google,4305.188579
2026-01-23,adjust_api,18469.8679
2026-01-23,fivetran_facebook,767.5899999999999
2026-01-23,fivetran_google,4444.679032999999
2026-01-22,adjust_api,17544.5937
2026-01-22,fivetran_facebook,652.46
2026-01-22,fivetran_google,4467.882995
2026-01-21,adjust_api,17636.937700000002
2026-01-21,fivetran_facebook,632.53
2026-01-21,fivetran_google,4850.258452
2026-01-20,adjust_api,17076.8532
2026-01-20,fivetran_facebook,665.04
2026-01-20,fivetran_google,4059.230611
2026-01-19,adjust_api,16973.9072
2026-01-19,fivetran_facebook,674.52
2026-01-19,fivetran_google,4252.292924
2026-01-18,adjust_api,17667.5899
2026-01-18,fivetran_facebook,684.47
2026-01-18,fivetran_google,4248.032705
2026-01-17,adjust_api,17256.801
2026-01-17,fivetran_facebook,766.9300000000001
2026-01-17,fivetran_google,4410.965678
2026-01-16,adjust_api,17520.1313
2026-01-16,fivetran_facebook,695.53
2026-01-16,fivetran_google,4623.033826
2026-01-15,adjust_api,15193.3665
2026-01-15,fivetran_facebook,718.64
2026-01-15,fivetran_google,4227.121456
2026-01-14,adjust_api,14633.6227
2026-01-14,fivetran_facebook,678.41
2026-01-14,fivetran_google,4056.2713769999996
2026-01-13,adjust_api,14918.0547
2026-01-13,fivetran_facebook,643.4
2026-01-13,fivetran_google,4117.877541
2026-01-12,adjust_api,17695.9308
2026-01-12,fivetran_facebook,661.0600000000001
2026-01-12,fivetran_google,6580.799698999999
2026-01-11,adjust_api,18742.8585
2026-01-11,fivetran_facebook,700.6600000000001
2026-01-11,fivetran_google,6481.81402
2026-01-10,adjust_api,17649.0101
2026-01-10,fivetran_facebook,727.89
2026-01-10,fivetran_google,6461.362243000001
2026-01-09,adjust_api,18021.700699999998
2026-01-09,fivetran_facebook,729.18
2026-01-09,fivetran_google,6028.792372
2026-01-08,adjust_api,18353.025999999998
2026-01-08,fivetran_facebook,810.45
2026-01-08,fivetran_google,5876.806642000001
2026-01-07,adjust_api,19076.0184
2026-01-07,fivetran_facebook,751.06
2026-01-07,fivetran_google,6067.299403
2026-01-06,adjust_api,19225.8035
2026-01-06,fivetran_facebook,779.4399999999998
2026-01-06,fivetran_google,5859.912531999999
2026-01-05,adjust_api,20384.181800000002
2026-01-05,fivetran_facebook,827.44
2026-01-05,fivetran_google,6445.182711
2026-01-04,adjust_api,21606.3233
2026-01-04,fivetran_facebook,742.5300000000002
2026-01-04,fivetran_google,7079.553806
2026-01-03,adjust_api,20398.608300000004
2026-01-03,fivetran_facebook,877.32
2026-01-03,fivetran_google,6939.3476900000005
2026-01-02,adjust_api,20608.6745
2026-01-02,fivetran_facebook,828.6099999999999
2026-01-02,fivetran_google,6675.178487
2026-01-01,adjust_api,20768.6585
2026-01-01,fivetran_facebook,817.76
2026-01-01,fivetran_google,7245.194986
2025-12-31,adjust_api,21080.954
2025-12-31,fivetran_facebook,721.61
2025-12-31,fivetran_google,6165.113131
2025-12-30,adjust_api,22143.753000000004
2025-12-30,fivetran_facebook,731.99
2025-12-30,fivetran_google,6833.192585999999
2025-12-29,adjust_api,20283.207300000002
2025-12-29,fivetran_facebook,784.4900000000001
2025-12-29,fivetran_google,5830.150499
2025-12-28,adjust_api,22309.275899999997
2025-12-28,fivetran_facebook,796.92
2025-12-28,fivetran_google,6726.9302370000005
2025-12-27,adjust_api,20789.8698
2025-12-27,fivetran_facebook,904.06
2025-12-27,fivetran_google,6726.724548
2025-12-26,adjust_api,20636.810800000003
2025-12-26,fivetran_facebook,759.4399999999999
2025-12-26,fivetran_google,6694.480741
2025-12-25,adjust_api,19993.6192
2025-12-25,fivetran_facebook,769.0300000000001
2025-12-25,fivetran_google,6128.4913879999995
2025-12-24,adjust_api,19063.013899999998
2025-12-24,fivetran_facebook,727.69
2025-12-24,fivetran_google,5531.965872000001
2025-12-23,adjust_api,20830.535499999998
2025-12-23,fivetran_facebook,738.71
2025-12-23,fivetran_google,6509.723032
2025-12-22,adjust_api,19931.9599
2025-12-22,fivetran_facebook,833.4200000000001
2025-12-22,fivetran_google,6151.363357
2025-12-21,adjust_api,19956.9779
2025-12-21,fivetran_facebook,819.41
2025-12-21,fivetran_google,5761.184216
2025-12-20,adjust_api,18093.281799999997
2025-12-20,fivetran_facebook,766.4200000000001
2025-12-20,fivetran_google,4965.287389
2025-12-19,adjust_api,18616.6861
2025-12-19,fivetran_facebook,880.3600000000001
2025-12-19,fivetran_google,5131.122703999999
2025-12-18,adjust_api,18950.226599999998
2025-12-18,fivetran_facebook,818.24
2025-12-18,fivetran_google,5336.36159
2025-12-17,adjust_api,19387.5226
2025-12-17,fivetran_facebook,773.2800000000001
2025-12-17,fivetran_google,4801.2173139999995
2025-12-16,adjust_api,19013.053099999997
2025-12-16,fivetran_facebook,737.06
2025-12-16,fivetran_google,4643.415813
2025-12-15,adjust_api,19333.106699999997
2025-12-15,fivetran_facebook,777.1
2025-12-15,fivetran_google,5126.157063
2025-12-14,adjust_api,21194.1247
2025-12-14,fivetran_facebook,790.35
2025-12-14,fivetran_google,6007.125958
2025-12-13,adjust_api,20620.9819
2025-12-13,fivetran_facebook,937.55
2025-12-13,fivetran_google,6195.210131
2025-12-12,adjust_api,19021.6699
2025-12-12,fivetran_facebook,632.8199999999999
2025-12-12,fivetran_google,5055.482217
2025-12-11,adjust_api,18538.948
2025-12-11,fivetran_facebook,769.86
2025-12-11,fivetran_google,4877.045893999999
2025-12-10,adjust_api,19246.6463
2025-12-10,fivetran_facebook,767.4100000000001
2025-12-10,fivetran_google,4729.997434000001
2025-12-09,adjust_api,21102.408600000002
2025-12-09,fivetran_facebook,792.17
2025-12-09,fivetran_google,5444.203602
2025-12-08,adjust_api,20990.5608
2025-12-08,fivetran_facebook,840.21
2025-12-08,fivetran_google,5801.693007
2025-12-07,adjust_api,21942.625500000002
2025-12-07,fivetran_facebook,847.48
2025-12-07,fivetran_google,6142.376249
2025-12-06,adjust_api,21879.487999999998
2025-12-06,fivetran_facebook,809.5999999999999
2025-12-06,fivetran_google,5875.175368
2025-12-05,adjust_api,21381.3517
2025-12-05,fivetran_facebook,769.4799999999999
2025-12-05,fivetran_google,5415.972208
2025-12-04,adjust_api,20494.7957
2025-12-04,fivetran_facebook,753.35
2025-12-04,fivetran_google,4950.192866
2025-12-03,adjust_api,20600.872799999997
2025-12-03,fivetran_facebook,706.95
2025-12-03,fivetran_google,5403.471004999999
2025-12-02,adjust_api,20702.9392
2025-12-02,fivetran_facebook,820.5500000000001
2025-12-02,fivetran_google,5705.427488
2025-12-01,adjust_api,20367.218599999997
2025-12-01,fivetran_facebook,778.8599999999999
2025-12-01,fivetran_google,5436.455685
2025-11-30,adjust_api,19518.5383
2025-11-30,fivetran_facebook,953.8200049999999
2025-11-30,fivetran_google,4286.804774
2025-11-29,adjust_api,20233.8311
2025-11-29,fivetran_facebook,900.6899999999999
2025-11-29,fivetran_google,5582.841424
2025-11-28,adjust_api,19794.852499999997
2025-11-28,fivetran_facebook,819.5500000000002
2025-11-28,fivetran_google,4917.700559
2025-11-27,adjust_api,19844.1369
2025-11-27,fivetran_facebook,711.0899999999999
2025-11-27,fivetran_google,4849.476649
2025-11-26,adjust_api,19060.6905
2025-11-26,fivetran_facebook,720.18
2025-11-26,fivetran_google,4621.054808
2025-11-25,adjust_api,18830.2027
2025-11-25,fivetran_facebook,508.059989
2025-11-25,fivetran_google,4768.418605
2025-11-24,adjust_api,19679.2422
2025-11-24,fivetran_facebook,870.7000030000002
2025-11-24,fivetran_google,4736.011629
2025-11-23,adjust_api,19773.3043
2025-11-23,fivetran_facebook,859.13
2025-11-23,fivetran_google,4762.406985
2025-11-22,adjust_api,19777.616899999997
2025-11-22,fivetran_facebook,722.3899999999999
2025-11-22,fivetran_google,5360.678701999999
2025-11-21,adjust_api,19935.5648
2025-11-21,fivetran_facebook,774.529996
2025-11-21,fivetran_google,5713.606706
2025-11-20,adjust_api,19446.9368
2025-11-20,fivetran_facebook,750.0200000000001
2025-11-20,fivetran_google,5596.542853
2025-11-19,adjust_api,20082.4837
2025-11-19,fivetran_facebook,866.220002
2025-11-19,fivetran_google,4923.415579
2025-11-18,adjust_api,20196.1685
2025-11-18,fivetran_facebook,805.859998
2025-11-18,fivetran_google,5128.855074
2025-11-17,adjust_api,19781.192
2025-11-17,fivetran_facebook,609.400003
2025-11-17,fivetran_google,5247.540174
2025-11-16,adjust_api,21264.1556
2025-11-16,fivetran_facebook,1067.06
2025-11-16,fivetran_google,5434.4203880000005
2025-11-15,adjust_api,19477.6102
2025-11-15,fivetran_facebook,681.079989
2025-11-15,fivetran_google,4959.8335990000005
2025-11-14,adjust_api,20229.432200000003
2025-11-14,fivetran_facebook,733.5100000000001
2025-11-14,fivetran_google,5558.936037
2025-11-13,adjust_api,19390.7468
2025-11-13,fivetran_facebook,749.679994
2025-11-13,fivetran_google,4879.488506
2025-11-12,adjust_api,19353.978600000002
2025-11-12,fivetran_facebook,704.1799970000001
2025-11-12,fivetran_google,4633.891170999999
2025-11-11,adjust_api,19864.9836
2025-11-11,fivetran_facebook,948.499995
2025-11-11,fivetran_google,4979.499981999999
2025-11-10,adjust_api,19256.9846
2025-11-10,fivetran_facebook,926.3699999999999
2025-11-10,fivetran_google,4318.896901
2025-11-09,adjust_api,21165.0054
2025-11-09,fivetran_facebook,1083.029997
2025-11-09,fivetran_google,5006.703381
2025-11-08,adjust_api,21245.0156
2025-11-08,fivetran_facebook,906.8099999999998
2025-11-08,fivetran_google,5466.511464
2025-11-07,adjust_api,20556.791800000003
2025-11-07,fivetran_facebook,994.51
2025-11-07,fivetran_google,5651.438191
2025-11-06,adjust_api,20238.935299999997
2025-11-06,fivetran_facebook,1001.2
2025-11-06,fivetran_google,5048.871516
2025-11-05,adjust_api,21547.3407
2025-11-05,fivetran_facebook,979.040006
2025-11-05,fivetran_google,5437.518661
2025-11-04,adjust_api,21398.6469
2025-11-04,fivetran_facebook,990.29
2025-11-04,fivetran_google,5088.492968
2025-11-03,adjust_api,22350.6172
2025-11-03,fivetran_facebook,1030.19
2025-11-03,fivetran_google,5538.578023
2025-11-02,adjust_api,22632.041299999997
2025-11-02,fivetran_facebook,1090.410001
2025-11-02,fivetran_google,5374.851836
2025-11-01,adjust_api,19929.858000000004
2025-11-01,fivetran_facebook,979.6500000000001
2025-11-01,fivetran_google,4091.318506
2025-10-31,adjust_api,19844.1088
2025-10-31,fivetran_facebook,968.370007
2025-10-31,fivetran_google,3702.8100140000006
2025-10-30,adjust_api,20041.537800000002
2025-10-30,fivetran_facebook,912.6499999999999
2025-10-30,fivetran_google,4014.4086830000006
2025-10-29,adjust_api,20299.382599999997
2025-10-29,fivetran_facebook,925.4100000000001
2025-10-29,fivetran_google,4546.665009
2025-10-28,adjust_api,20153.293299999998
2025-10-28,fivetran_facebook,941.999994
2025-10-28,fivetran_google,4409.652898
2025-10-27,adjust_api,20801.1502
2025-10-27,fivetran_facebook,1163.09
2025-10-27,fivetran_google,4505.077007000001
2025-10-26,adjust_api,21907.735600000004
2025-10-26,fivetran_facebook,1104.1200059999999
2025-10-26,fivetran_google,4755.49943
2025-10-25,adjust_api,20485.2795
2025-10-25,fivetran_facebook,918.3499999999999
2025-10-25,fivetran_google,4648.706551
2025-10-24,adjust_api,21671.8261
2025-10-24,fivetran_facebook,948.999996
2025-10-24,fivetran_google,5163.757823999999
2025-10-23,adjust_api,21151.4814
2025-10-23,fivetran_facebook,979.86
2025-10-23,fivetran_google,4998.566476
2025-10-22,adjust_api,21457.051400000004
2025-10-22,fivetran_facebook,1045.290008
2025-10-22,fivetran_google,4674.17764
2025-10-21,adjust_api,21222.5176
2025-10-21,fivetran_facebook,1059.8900059999999
2025-10-21,fivetran_google,4526.3836790000005
2025-10-20,adjust_api,19676.2279
2025-10-20,fivetran_facebook,1028.0799969999998
2025-10-20,fivetran_google,4854.344163
2025-10-19,adjust_api,22433.832499999997
2025-10-19,fivetran_facebook,997.270006
2025-10-19,fivetran_google,5287.632076
2025-10-18,adjust_api,19960.64
2025-10-18,fivetran_facebook,951.0200110000001
2025-10-18,fivetran_google,4992.35311
2025-10-17,adjust_api,21122.2678
2025-10-17,fivetran_facebook,789.460001
2025-10-17,fivetran_google,4850.946331
2025-10-16,adjust_api,20549.9556
2025-10-16,fivetran_facebook,1051.1900019999998
2025-10-16,fivetran_google,4807.66031
2025-10-15,adjust_api,21306.469899999996
2025-10-15,fivetran_facebook,976.819997
2025-10-15,fivetran_google,5122.1971539999995
2025-10-14,adjust_api,21704.9634
2025-10-14,fivetran_facebook,961.100021
2025-10-14,fivetran_google,5137.93038
2025-10-13,adjust_api,22278.496499999997
2025-10-13,fivetran_facebook,1190.8200000000002
2025-10-13,fivetran_google,5170.025074000001
2025-10-12,adjust_api,22547.111899999996
2025-10-12,fivetran_facebook,1068.0599989999998
2025-10-12,fivetran_google,4849.987571
2025-10-11,adjust_api,21263.161799999998
2025-10-11,fivetran_facebook,803.7700060000001
2025-10-11,fivetran_google,5106.6293129999995
2025-10-10,adjust_api,21512.5622
2025-10-10,fivetran_facebook,758.1599999999999
2025-10-10,fivetran_google,5091.906027999999
2025-10-09,adjust_api,21430.8086
2025-10-09,fivetran_facebook,1141.059983
2025-10-09,fivetran_google,4967.52664
2025-10-08,adjust_api,20447.632800000003
2025-10-08,fivetran_facebook,909.2900119999999
2025-10-08,fivetran_google,4699.083321
2025-10-07,adjust_api,20631.2711
2025-10-07,fivetran_facebook,979.03
2025-10-07,fivetran_google,4808.387484999999
2025-10-06,adjust_api,21013.8022
2025-10-06,fivetran_facebook,1275.26
2025-10-06,fivetran_google,5293.965173
2025-10-05,adjust_api,23000.604099999997
2025-10-05,fivetran_facebook,980.51
2025-10-05,fivetran_google,5534.96214
2025-10-04,adjust_api,21207.6293
2025-10-04,fivetran_facebook,820.069987
2025-10-04,fivetran_google,5344.017047
2025-10-03,adjust_api,22306.406300000002
2025-10-03,fivetran_facebook,555.280003
2025-10-03,fivetran_google,5608.909742
2025-10-02,adjust_api,19225.8465
2025-10-02,fivetran_facebook,630.7
2025-10-02,fivetran_google,4683.085677
2025-10-01,adjust_api,19855.7435
2025-10-01,fivetran_facebook,1293.5699929999998
2025-10-01,fivetran_google,4869.663572
2025-09-30,adjust_api,18640.1545
2025-09-30,fivetran_facebook,1032.8699940000001
2025-09-30,fivetran_google,4139.234763
2025-09-29,adjust_api,20274.6768
2025-09-29,fivetran_facebook,979.2900070000001
2025-09-29,fivetran_google,4547.298232
2025-09-28,adjust_api,20837.409799999998
2025-09-28,fivetran_facebook,2005.250017
2025-09-28,fivetran_google,4667.190581
2025-09-27,adjust_api,19406.956299999998
2025-09-27,fivetran_facebook,1363.3499909999998
2025-09-27,fivetran_google,4939.465087
2025-09-26,adjust_api,19320.3166
2025-09-26,fivetran_facebook,1381.500007
2025-09-26,fivetran_google,4599.941933
2025-09-25,adjust_api,17157.1416
2025-09-25,fivetran_facebook,702.410009
2025-09-25,fivetran_google,4432.230866
2025-09-24,adjust_api,16676.3461
2025-09-24,fivetran_facebook,665.089998
2025-09-24,fivetran_google,4284.886425
2025-09-23,adjust_api,16397.388099999996
2025-09-23,fivetran_facebook,558.830003
2025-09-23,fivetran_google,4592.066672
2025-09-22,adjust_api,16808.2968
2025-09-22,fivetran_facebook,757.4799989999999
2025-09-22,fivetran_google,3891.4105860000004
2025-09-21,adjust_api,17349.6514
2025-09-21,fivetran_facebook,740.059993
2025-09-21,fivetran_google,4243.208178999999
2025-09-20,adjust_api,16003.0088
2025-09-20,fivetran_facebook,697.460009
2025-09-20,fivetran_google,4298.592888
2025-09-19,adjust_api,15159.031100000002
2025-09-19,fivetran_facebook,626.590017
2025-09-19,fivetran_google,4109.316037
2025-09-18,adjust_api,15751.4101
2025-09-18,fivetran_facebook,682.2000069999999
2025-09-18,fivetran_google,4535.365599999999
2025-09-17,adjust_api,16424.984200000003
2025-09-17,fivetran_facebook,706.0800070000001
2025-09-17,fivetran_google,4326.4297320000005
2025-09-16,adjust_api,16571.6801
2025-09-16,fivetran_facebook,697.360005
2025-09-16,fivetran_google,4708.399571999999
2025-09-15,adjust_api,16344.553099999997
2025-09-15,fivetran_facebook,718.8799949999999
2025-09-15,fivetran_google,4494.451548999999
2025-09-14,adjust_api,17583.1007
2025-09-14,fivetran_facebook,760.179991
2025-09-14,fivetran_google,4404.930160999999
2025-09-13,adjust_api,16039.1677
2025-09-13,fivetran_facebook,646.729999
2025-09-13,fivetran_google,4411.797578
2025-09-12,adjust_api,15720.150000000001
2025-09-12,fivetran_facebook,652.55
2025-09-12,fivetran_google,3867.9574840000005
2025-09-11,adjust_api,14914.439199999999
2025-09-11,fivetran_facebook,778.95
2025-09-11,fivetran_google,4192.343861
2025-09-10,adjust_api,15398.460100000002
2025-09-10,fivetran_facebook,679.6899999999999
2025-09-10,fivetran_google,4335.624027
2025-09-09,adjust_api,15585.5023
2025-09-09,fivetran_facebook,721.3800010000001
2025-09-09,fivetran_google,4395.2610859999995
2025-09-08,adjust_api,15814.3513
2025-09-08,fivetran_facebook,586.490009
2025-09-08,fivetran_google,4522.660457
2025-09-07,adjust_api,16119.7839
2025-09-07,fivetran_facebook,600.180012
2025-09-07,fivetran_google,4042.2648990000002
2025-09-06,adjust_api,15008.127900000001
2025-09-06,fivetran_facebook,641.2799990000001
2025-09-06,fivetran_google,4231.958489
2025-09-05,adjust_api,15797.994099999998
2025-09-05,fivetran_facebook,651.6299720000001
2025-09-05,fivetran_google,4539.645021
2025-09-04,adjust_api,15554.4009
2025-09-04,fivetran_facebook,665.790022
2025-09-04,fivetran_google,4320.510482
2025-09-03,adjust_api,14973.469500000001
2025-09-03,fivetran_facebook,657.03
2025-09-03,fivetran_google,4335.815083
2025-09-02,adjust_api,14727.1241
2025-09-02,fivetran_facebook,648.079998
2025-09-02,fivetran_google,4345.377585
2025-09-01,adjust_api,15620.6463
2025-09-01,fivetran_facebook,625.379943
2025-09-01,fivetran_google,4436.162716999999
2025-08-31,adjust_api,13992.809899999998
2025-08-31,fivetran_facebook,591.629974
2025-08-31,fivetran_google,3565.349762
2025-08-30,adjust_api,13597.7749
2025-08-30,fivetran_facebook,625.269999
2025-08-30,fivetran_google,3699.951415
2025-08-29,adjust_api,14080.503399999998
2025-08-29,fivetran_facebook,540.810011
2025-08-29,fivetran_google,3868.1041619999996
2025-08-28,adjust_api,14221.604
2025-08-28,fivetran_facebook,843.7299830000001
2025-08-28,fivetran_google,3992.483071
2025-08-27,adjust_api,13840.8665
2025-08-27,fivetran_facebook,871.07999
2025-08-27,fivetran_google,4100.304173
2025-08-26,adjust_api,14926.861299999999
2025-08-26,fivetran_facebook,890.090001
2025-08-26,fivetran_google,4000.4404059999997
2025-08-25,adjust_api,14891.634
2025-08-25,fivetran_facebook,900.0499999999998
2025-08-25,fivetran_google,4176.83528
2025-08-24,adjust_api,14484.0373
2025-08-24,fivetran_facebook,961.999997
2025-08-24,fivetran_google,4051.8058579999997
2025-08-23,adjust_api,14381.9343
2025-08-23,fivetran_facebook,909.4999909999999
2025-08-23,fivetran_google,4542.773267
2025-08-22,adjust_api,14023.325
2025-08-22,fivetran_facebook,860.37
2025-08-22,fivetran_google,3763.978938
2025-08-21,adjust_api,14245.261700000003
2025-08-21,fivetran_facebook,875.260004
2025-08-21,fivetran_google,3404.138818
2025-08-20,adjust_api,16278.4838
2025-08-20,fivetran_facebook,893.82
2025-08-20,fivetran_google,4054.603218
2025-08-19,adjust_api,14967.0757
2025-08-19,fivetran_facebook,869.150006
2025-08-19,fivetran_google,4017.3668929999994
2025-08-18,adjust_api,15287.567299999999
2025-08-18,fivetran_facebook,923.28
2025-08-18,fivetran_google,4060.492291
2025-08-17,adjust_api,16082.836899999998
2025-08-17,fivetran_facebook,947.4599999999999
2025-08-17,fivetran_google,4344.141821
2025-08-16,adjust_api,14550.8763
2025-08-16,fivetran_facebook,926.9699999999999
2025-08-16,fivetran_google,4084.5578649999998
2025-08-15,adjust_api,15550.7333
2025-08-15,fivetran_facebook,883.25
2025-08-15,fivetran_google,3954.14894
2025-08-14,adjust_api,15095.2386
2025-08-14,fivetran_facebook,888.3299999999999
2025-08-14,fivetran_google,3994.616682
2025-08-13,adjust_api,15382.513200000001
2025-08-13,fivetran_facebook,886.99
2025-08-13,fivetran_google,4236.5680170000005
2025-08-12,adjust_api,16385.775499999996
2025-08-12,fivetran_facebook,892.8799999999999
2025-08-12,fivetran_google,4166.930117
2025-08-11,adjust_api,16222.3599
2025-08-11,fivetran_facebook,887.620011
2025-08-11,fivetran_google,4313.6918749999995
2025-08-10,adjust_api,16798.6649
2025-08-10,fivetran_facebook,924.0
2025-08-10,fivetran_google,4596.334379999999
2025-08-09,adjust_api,16028.9867
2025-08-09,fivetran_facebook,920.6999999999999
2025-08-09,fivetran_google,4484.53943
2025-08-08,adjust_api,16268.465199999999
2025-08-08,fivetran_facebook,897.3100000000001
2025-08-08,fivetran_google,4346.049368999999
2025-08-07,adjust_api,16030.194399999998
2025-08-07,fivetran_facebook,851.94
2025-08-07,fivetran_google,4590.551042
2025-08-06,adjust_api,16408.3664
2025-08-06,fivetran_facebook,874.35
2025-08-06,fivetran_google,4280.024568
2025-08-05,adjust_api,16351.569800000001
2025-08-05,fivetran_facebook,902.459974
2025-08-05,fivetran_google,4315.383787000001
2025-08-04,adjust_api,16652.7568
2025-08-04,fivetran_facebook,892.8100000000001
2025-08-04,fivetran_google,4336.143438
2025-08-03,adjust_api,18011.7782
2025-08-03,fivetran_facebook,945.4599800000001
2025-08-03,fivetran_google,4553.537198999999
2025-08-02,adjust_api,16498.6711
2025-08-02,fivetran_facebook,937.6200189999998
2025-08-02,fivetran_google,4408.386377
2025-08-01,adjust_api,16612.2978
2025-08-01,fivetran_facebook,858.01
2025-08-01,fivetran_google,3938.778671
2025-07-31,adjust_api,14878.223899999999
2025-07-31,fivetran_facebook,837.8100069999999
2025-07-31,fivetran_google,3768.266816
2025-07-30,adjust_api,16098.814999999999
2025-07-30,fivetran_facebook,874.1499999999999
2025-07-30,fivetran_google,4104.532182
2025-07-29,adjust_api,16880.627800000002
2025-07-29,fivetran_facebook,866.9399999999999
2025-07-29,fivetran_google,4108.45677
2025-07-28,adjust_api,16643.1237
2025-07-28,fivetran_facebook,953.52
2025-07-28,fivetran_google,4263.741873
2025-07-27,adjust_api,17054.265199999998
2025-07-27,fivetran_facebook,967.7799999999999
2025-07-27,fivetran_google,4219.698904
2025-07-26,adjust_api,16569.1702
2025-07-26,fivetran_facebook,891.59
2025-07-26,fivetran_google,4305.442737
2025-07-25,adjust_api,16306.2973
2025-07-25,fivetran_facebook,886.21
2025-07-25,fivetran_google,4510.1811290000005
2025-07-24,adjust_api,15727.756400000002
2025-07-24,fivetran_facebook,897.909995
2025-07-24,fivetran_google,4426.741717000001
2025-07-23,adjust_api,15848.7732
2025-07-23,fivetran_facebook,857.4300000000001
2025-07-23,fivetran_google,4380.828796
2025-07-22,adjust_api,16189.3823
2025-07-22,fivetran_facebook,865.08
2025-07-22,fivetran_google,4507.5246879999995
2025-07-21,adjust_api,16606.1686
2025-07-21,fivetran_facebook,929.8699999999999
2025-07-21,fivetran_google,4515.900122
2025-07-20,adjust_api,17213.7244
2025-07-20,fivetran_facebook,958.5799999999999
2025-07-20,fivetran_google,4514.142132000001
2025-07-19,adjust_api,16272.1482
2025-07-19,fivetran_facebook,902.489993
2025-07-19,fivetran_google,4276.756279
2025-07-18,adjust_api,17070.9017
2025-07-18,fivetran_facebook,877.66
2025-07-18,fivetran_google,5040.607523000001
2025-07-17,adjust_api,16516.966
2025-07-17,fivetran_facebook,888.7199999999999
2025-07-17,fivetran_google,4629.62694
2025-07-16,adjust_api,16373.806600000002
2025-07-16,fivetran_facebook,861.2599999999998
2025-07-16,fivetran_google,4531.150856
2025-07-15,adjust_api,16282.038299999998
2025-07-15,fivetran_facebook,887.54
2025-07-15,fivetran_google,4908.01644
2025-07-14,adjust_api,17423.042
2025-07-14,fivetran_facebook,910.0300000000001
2025-07-14,fivetran_google,4858.473195
2025-07-13,adjust_api,17902.116
2025-07-13,fivetran_facebook,964.8099999999998
2025-07-13,fivetran_google,4822.583171
2025-07-12,adjust_api,16709.9245
2025-07-12,fivetran_facebook,905.35
2025-07-12,fivetran_google,4465.110146999999
2025-07-11,adjust_api,16793.020600000003
2025-07-11,fivetran_facebook,888.29
2025-07-11,fivetran_google,4552.712291
2025-07-10,adjust_api,15763.7594
2025-07-10,fivetran_facebook,889.36
2025-07-10,fivetran_google,4425.603277
2025-07-09,adjust_api,15558.999800000001
2025-07-09,fivetran_facebook,891.45
2025-07-09,fivetran_google,4244.833561
2025-07-08,adjust_api,15281.427899999999
2025-07-08,fivetran_facebook,851.65
2025-07-08,fivetran_google,4406.200425
2025-07-07,adjust_api,15583.0854
2025-07-07,fivetran_facebook,901.400003
2025-07-07,fivetran_google,4345.0913439999995
2025-07-06,adjust_api,16432.7899
2025-07-06,fivetran_facebook,966.600004
2025-07-06,fivetran_google,4256.7331619999995
2025-07-05,adjust_api,15573.908800000001
2025-07-05,fivetran_facebook,957.690004
2025-07-05,fivetran_google,4222.742235
2025-07-04,adjust_api,15344.9687
2025-07-04,fivetran_facebook,866.59
2025-07-04,fivetran_google,4177.773827999999
2025-07-03,adjust_api,15807.6682
2025-07-03,fivetran_facebook,876.92
2025-07-03,fivetran_google,4376.178832
2025-07-02,adjust_api,15827.3119
2025-07-02,fivetran_facebook,856.100001
2025-07-02,fivetran_google,4227.559904000001
2025-07-01,adjust_api,15807.4934
2025-07-01,fivetran_facebook,867.9100250000001
2025-07-01,fivetran_google,4243.503033
2025-06-30,adjust_api,15716.6882
2025-06-30,fivetran_facebook,912.1400350000001
2025-06-30,fivetran_google,3700.3116869999994
2025-06-29,adjust_api,16940.5909
2025-06-29,fivetran_facebook,951.649989
2025-06-29,fivetran_google,3838.3775490000003
2025-06-28,adjust_api,16415.822199999995
2025-06-28,fivetran_facebook,917.3599999999999
2025-06-28,fivetran_google,4069.108095
2025-06-27,adjust_api,16657.066300000002
2025-06-27,fivetran_facebook,882.51
2025-06-27,fivetran_google,4442.743251
2025-06-26,adjust_api,17262.944900000002
2025-06-26,fivetran_facebook,838.4900279999999
2025-06-26,fivetran_google,5414.6513350000005
2025-06-25,adjust_api,15959.3959
2025-06-25,fivetran_facebook,906.8000000000001
2025-06-25,fivetran_google,4469.627826999999
2025-06-24,adjust_api,14214.172100000002
2025-06-24,fivetran_facebook,943.04
2025-06-24,fivetran_google,3717.820414
2025-06-23,adjust_api,14567.594000000001
2025-06-23,fivetran_facebook,1002.12
2025-06-23,fivetran_google,4013.745572
2025-06-22,adjust_api,13888.627300000002
2025-06-22,fivetran_facebook,1079.19
2025-06-22,fivetran_google,3480.086193
2025-06-21,adjust_api,13143.937
2025-06-21,fivetran_facebook,1012.01
2025-06-21,fivetran_google,3626.778982
2025-06-20,adjust_api,15538.154299999998
2025-06-20,fivetran_facebook,925.47
2025-06-20,fivetran_google,3181.583156
2025-06-19,adjust_api,17653.7466
2025-06-19,fivetran_facebook,1010.1800000000001
2025-06-19,fivetran_google,4483.564783
2025-06-18,adjust_api,16292.950100000002
2025-06-18,fivetran_facebook,967.0
2025-06-18,fivetran_google,4193.768377
2025-06-17,adjust_api,16051.264400000002
2025-06-17,fivetran_facebook,974.210028
2025-06-17,fivetran_google,4259.2868229999995
2025-06-16,adjust_api,16785.911
2025-06-16,fivetran_facebook,1043.460002
2025-06-16,fivetran_google,4260.248249
2025-06-15,adjust_api,20789.792
2025-06-15,fivetran_facebook,1061.82
2025-06-15,fivetran_google,4779.396009
2025-06-14,adjust_api,20215.418299999998
2025-06-14,fivetran_facebook,1008.8800000000001
2025-06-14,fivetran_google,4802.2906060000005
2025-06-13,adjust_api,18172.411099999998
2025-06-13,fivetran_facebook,959.6600000000001
2025-06-13,fivetran_google,4480.729123
2025-06-12,adjust_api,16797.3053
2025-06-12,fivetran_facebook,987.480002
2025-06-12,fivetran_google,4436.608122
2025-06-11,adjust_api,16316.654700000003
2025-06-11,fivetran_facebook,989.8500040000001
2025-06-11,fivetran_google,4296.756569
2025-06-10,adjust_api,15618.193300000003
2025-06-10,fivetran_facebook,967.9999999999998
2025-06-10,fivetran_google,4381.677487
2025-06-09,adjust_api,16058.466300000002
2025-06-09,fivetran_facebook,1014.1200210000001
2025-06-09,fivetran_google,4406.453123
2025-06-08,adjust_api,16608.307
2025-06-08,fivetran_facebook,1053.850012
2025-06-08,fivetran_google,4458.425488
2025-06-07,adjust_api,16063.4682
2025-06-07,fivetran_facebook,1018.8200180000001
2025-06-07,fivetran_google,4429.941353
2025-06-06,adjust_api,15628.4226
2025-06-06,fivetran_facebook,1013.14
2025-06-06,fivetran_google,4215.0279980000005
2025-06-05,adjust_api,16528.3496
2025-06-05,fivetran_facebook,916.0699829999999
2025-06-05,fivetran_google,4490.298545
2025-06-04,adjust_api,16151.585699999998
2025-06-04,fivetran_facebook,971.4699999999999
2025-06-04,fivetran_google,4470.198434
2025-06-03,adjust_api,14750.3807
2025-06-03,fivetran_facebook,978.5799939999999
2025-06-03,fivetran_google,4353.896027
2025-06-02,adjust_api,15206.531000000003
2025-06-02,fivetran_facebook,1009.1499959999999
2025-06-02,fivetran_google,3790.9973019999998
2025-06-01,adjust_api,15614.8999
2025-06-01,fivetran_facebook,1092.760002
2025-06-01,fivetran_google,4188.481725
2025-05-31,adjust_api,13094.5941
2025-05-31,fivetran_facebook,993.5800280000001
2025-05-31,fivetran_google,3726.204305
2025-05-30,adjust_api,16378.570899999999
2025-05-30,fivetran_facebook,986.3899829999999
2025-05-30,fivetran_google,3857.675727
2025-05-29,adjust_api,11989.495099999998
2025-05-29,fivetran_facebook,974.120027
2025-05-29,fivetran_google,3808.8386759999994
2025-05-28,adjust_api,13623.8812
2025-05-28,fivetran_facebook,964.6699960000001
2025-05-28,fivetran_google,4304.4290280000005
2025-05-27,adjust_api,15741.073600000002
2025-05-27,fivetran_facebook,992.850019
2025-05-27,fivetran_google,3902.5725979999997
2025-05-26,adjust_api,16657.8934
2025-05-26,fivetran_facebook,1026.9099999999999
2025-05-26,fivetran_google,4066.7593769999994
2025-05-25,adjust_api,17556.9769
2025-05-25,fivetran_facebook,1059.39
2025-05-25,fivetran_google,4227.790918000001
2025-05-24,adjust_api,16280.463300000001
2025-05-24,fivetran_facebook,1008.22
2025-05-24,fivetran_google,4306.656266
2025-05-23,adjust_api,16552.284200000002
2025-05-23,fivetran_facebook,1043.35
2025-05-23,fivetran_google,4231.892173
2025-05-22,adjust_api,16458.574500000002
2025-05-22,fivetran_facebook,979.009991
2025-05-22,fivetran_google,4175.038165
2025-05-21,adjust_api,16209.311099999999
2025-05-21,fivetran_facebook,959.690012
2025-05-21,fivetran_google,3990.4754620000003
2025-05-20,adjust_api,16777.699
2025-05-20,fivetran_facebook,951.4299999999998
2025-05-20,fivetran_google,4402.814886
2025-05-19,adjust_api,17056.2089
2025-05-19,fivetran_facebook,1006.5
2025-05-19,fivetran_google,4124.864655
2025-05-18,adjust_api,20797.6212
2025-05-18,fivetran_facebook,1051.1299999999999
2025-05-18,fivetran_google,5417.4135240000005
2025-05-17,adjust_api,18542.8558
2025-05-17,fivetran_facebook,974.07
2025-05-17,fivetran_google,4600.735728
2025-05-16,adjust_api,17073.7824
2025-05-16,fivetran_facebook,942.97
2025-05-16,fivetran_google,4464.458565
2025-05-15,adjust_api,15742.2997
2025-05-15,fivetran_facebook,1088.62
2025-05-15,fivetran_google,3884.509096
2025-05-14,adjust_api,15886.253999999999
2025-05-14,fivetran_facebook,969.4299910000001
2025-05-14,fivetran_google,3947.696558
2025-05-13,adjust_api,15570.140599999999
2025-05-13,fivetran_facebook,954.2700000000001
2025-05-13,fivetran_google,3863.0310029999996
2025-05-12,adjust_api,15459.445800000001
2025-05-12,fivetran_facebook,993.4799979999998
2025-05-12,fivetran_google,3931.478606
2025-05-11,adjust_api,16312.572200000002
2025-05-11,fivetran_facebook,1076.94
2025-05-11,fivetran_google,4149.219858
2025-05-10,adjust_api,15768.997500000001
2025-05-10,fivetran_facebook,1001.0399999999998
2025-05-10,fivetran_google,4201.502741
2025-05-09,adjust_api,16233.192200000001
2025-05-09,fivetran_facebook,999.670008
2025-05-09,fivetran_google,4400.856992
2025-05-08,adjust_api,15655.707400000001
2025-05-08,fivetran_facebook,957.87
2025-05-08,fivetran_google,4424.204314
2025-05-07,adjust_api,15406.5281
2025-05-07,fivetran_facebook,977.680015
2025-05-07,fivetran_google,4086.264361
2025-05-06,adjust_api,15385.716099999998
2025-05-06,fivetran_facebook,958.9099999999999
2025-05-06,fivetran_google,4333.720969
2025-05-05,adjust_api,15591.0644
2025-05-05,fivetran_facebook,1010.79
2025-05-05,fivetran_google,3772.7251339999993
2025-05-04,adjust_api,16572.023800000003
2025-05-04,fivetran_facebook,1089.3799999999999
2025-05-04,fivetran_google,4153.115709000001
2025-05-03,adjust_api,15645.9316
2025-05-03,fivetran_facebook,1026.38
2025-05-03,fivetran_google,4224.554551
2025-05-02,adjust_api,15630.3005
2025-05-02,fivetran_facebook,979.1800000000001
2025-05-02,fivetran_google,4405.415874
2025-05-01,adjust_api,14393.816599999998
2025-05-01,fivetran_facebook,934.88
2025-05-01,fivetran_google,3797.1799269999997
2025-04-30,adjust_api,16037.628799999999
2025-04-30,fivetran_facebook,962.0099880000001
2025-04-30,fivetran_google,3745.314407
2025-04-29,adjust_api,16057.917000000001
2025-04-29,fivetran_facebook,986.87
2025-04-29,fivetran_google,3797.4996319999996
2025-04-28,adjust_api,15144.4592
2025-04-28,fivetran_facebook,1019.770005
2025-04-28,fivetran_google,3754.412841
2025-04-27,adjust_api,15122.116000000002
2025-04-27,fivetran_facebook,1080.930021
2025-04-27,fivetran_google,3650.46837
2025-04-26,adjust_api,15299.975999999999
2025-04-26,fivetran_facebook,1047.9799999999998
2025-04-26,fivetran_google,3748.3654370000004
2025-04-25,adjust_api,14769.301300000001
2025-04-25,fivetran_facebook,967.919984
2025-04-25,fivetran_google,3756.3397889999997
2025-04-24,adjust_api,15029.160800000001
2025-04-24,fivetran_facebook,973.6499999999999
2025-04-24,fivetran_google,3639.948046
2025-04-23,adjust_api,14601.3464
2025-04-23,fivetran_facebook,956.3
2025-04-23,fivetran_google,3714.053586
2025-04-22,adjust_api,15106.838099999999
2025-04-22,fivetran_facebook,992.1899999999999
2025-04-22,fivetran_google,3800.058272
2025-04-21,adjust_api,15206.8063
2025-04-21,fivetran_facebook,977.0500000000001
2025-04-21,fivetran_google,3772.5421029999998
2025-04-20,adjust_api,15742.487700000001
2025-04-20,fivetran_facebook,1068.29
2025-04-20,fivetran_google,3647.29174
2025-04-19,adjust_api,14961.042399999998
2025-04-19,fivetran_facebook,984.7800000000001
2025-04-19,fivetran_google,3723.219479
2025-04-18,adjust_api,15556.146699999998
2025-04-18,fivetran_facebook,987.4200250000001
2025-04-18,fivetran_google,3967.8282309999995
2025-04-17,adjust_api,15324.4373
2025-04-17,fivetran_facebook,977.379994
2025-04-17,fivetran_google,3813.396597
2025-04-16,adjust_api,15012.5763
2025-04-16,fivetran_facebook,964.07
2025-04-16,fivetran_google,3644.8739180000002
2025-04-15,adjust_api,15206.955100000001
2025-04-15,fivetran_facebook,966.51
2025-04-15,fivetran_google,3816.575772
2025-04-14,adjust_api,15656.475899999998
2025-04-14,fivetran_facebook,992.6999999999999
2025-04-14,fivetran_google,4040.8005000000003
2025-04-13,adjust_api,16554.4142
2025-04-13,fivetran_facebook,835.069995
2025-04-13,fivetran_google,4099.72671
2025-04-12,adjust_api,15678.639299999999
2025-04-12,fivetran_facebook,802.54
2025-04-12,fivetran_google,4182.274807000001
2025-04-11,adjust_api,15803.258599999997
2025-04-11,fivetran_facebook,769.2300120000001
2025-04-11,fivetran_google,4196.1345440000005
2025-04-10,adjust_api,15364.6698
2025-04-10,fivetran_facebook,764.6000019999999
2025-04-10,fivetran_google,4002.6367069999997
2025-04-09,adjust_api,15445.0401
2025-04-09,fivetran_facebook,774.45999
2025-04-09,fivetran_google,4049.2211439999996
2025-04-08,adjust_api,14476.1175
2025-04-08,fivetran_facebook,789.82
2025-04-08,fivetran_google,3192.693006
2025-04-07,adjust_api,14183.654600000002
2025-04-07,fivetran_facebook,811.7300160000001
2025-04-07,fivetran_google,3316.402659
2025-04-06,adjust_api,15420.4435
2025-04-06,fivetran_facebook,668.2999990000001
2025-04-06,fivetran_google,3518.719621
2025-04-05,adjust_api,14978.383600000001
2025-04-05,fivetran_facebook,698.7800000000001
2025-04-05,fivetran_google,3692.1768899999997
2025-04-04,adjust_api,14539.3674
2025-04-04,fivetran_facebook,638.8100000000001
2025-04-04,fivetran_google,3450.694831
2025-04-03,adjust_api,15082.1184
2025-04-03,fivetran_facebook,611.119999
2025-04-03,fivetran_google,3532.029737
2025-04-02,adjust_api,14715.2468
2025-04-02,fivetran_facebook,626.47
2025-04-02,fivetran_google,3582.5870139999997
2025-04-01,adjust_api,14412.0893
2025-04-01,fivetran_facebook,626.1899999999999
2025-04-01,fivetran_google,3391.224284
2025-03-31,adjust_api,13744.7372
2025-03-31,fivetran_facebook,664.1299789999999
2025-03-31,fivetran_google,2748.855044
2025-03-30,adjust_api,15038.475100000001
2025-03-30,fivetran_facebook,677.440009
2025-03-30,fivetran_google,2994.8633649999997
2025-03-29,adjust_api,13938.697000000002
2025-03-29,fivetran_facebook,659.21
2025-03-29,fivetran_google,3116.0530400000002
2025-03-28,adjust_api,14021.9498
2025-03-28,fivetran_facebook,645.2899999999998
2025-03-28,fivetran_google,3325.496911
2025-03-27,adjust_api,14274.737799999997
2025-03-27,fivetran_facebook,633.8000000000001
2025-03-27,fivetran_google,3282.8250160000002
2025-03-26,adjust_api,13804.7808
2025-03-26,fivetran_facebook,648.94
2025-03-26,fivetran_google,3462.9393010000003
2025-03-25,adjust_api,13785.0407
2025-03-25,fivetran_facebook,637.2299999999999
2025-03-25,fivetran_google,3224.756918
2025-03-24,adjust_api,13895.727899999998
2025-03-24,fivetran_facebook,644.6299930000001
2025-03-24,fivetran_google,3076.608386
2025-03-23,adjust_api,14825.6003
2025-03-23,fivetran_facebook,658.84
2025-03-23,fivetran_google,3271.622859
2025-03-22,adjust_api,13803.4179
2025-03-22,fivetran_facebook,672.78
2025-03-22,fivetran_google,3329.587786
2025-03-21,adjust_api,14034.1377
2025-03-21,fivetran_facebook,641.3499999999999
2025-03-21,fivetran_google,3413.8853280000003
2025-03-20,adjust_api,13743.4439
2025-03-20,fivetran_facebook,611.6
2025-03-20,fivetran_google,3658.8011400000005
2025-03-19,adjust_api,13931.485700000001
2025-03-19,fivetran_facebook,636.3
2025-03-19,fivetran_google,3534.5892049999998
2025-03-18,adjust_api,14040.2763
2025-03-18,fivetran_facebook,633.959984
2025-03-18,fivetran_google,3489.7635130000003
2025-03-17,adjust_api,14111.028599999998
2025-03-17,fivetran_facebook,657.75
2025-03-17,fivetran_google,3467.283639
2025-03-16,adjust_api,14674.150400000002
2025-03-16,fivetran_facebook,689.7400020000001
2025-03-16,fivetran_google,3561.0558419999998
2025-03-15,adjust_api,13965.5946
2025-03-15,fivetran_facebook,673.79
2025-03-15,fivetran_google,3557.6387529999997
2025-03-14,adjust_api,14328.6556
2025-03-14,fivetran_facebook,646.76001
2025-03-14,fivetran_google,3597.5207920000003
2025-03-13,adjust_api,14140.350999999999
2025-03-13,fivetran_facebook,638.5300000000001
2025-03-13,fivetran_google,3823.5077369999995
2025-03-12,adjust_api,14153.9816
2025-03-12,fivetran_facebook,652.0699999999999
2025-03-12,fivetran_google,3761.2215929999998
2025-03-11,adjust_api,14284.1373
2025-03-11,fivetran_facebook,599.009986
2025-03-11,fivetran_google,3783.44244
2025-03-10,adjust_api,13980.9158
2025-03-10,fivetran_facebook,583.0299999999999
2025-03-10,fivetran_google,3532.407408
2025-03-09,adjust_api,14432.2131
2025-03-09,fivetran_facebook,607.83
2025-03-09,fivetran_google,3762.058387
2025-03-08,adjust_api,14102.296900000001
2025-03-08,fivetran_facebook,654.68
2025-03-08,fivetran_google,3710.541865
2025-03-07,adjust_api,14240.192200000001
2025-03-07,fivetran_facebook,602.93
2025-03-07,fivetran_google,3711.830264
2025-03-06,adjust_api,14482.279999999999
2025-03-06,fivetran_facebook,604.84
2025-03-06,fivetran_google,3849.612667
2025-03-05,adjust_api,15062.1028
2025-03-05,fivetran_facebook,579.380006
2025-03-05,fivetran_google,4171.688168000001
2025-03-04,adjust_api,13421.1758
2025-03-04,fivetran_facebook,532.939999
2025-03-04,fivetran_google,3236.6962
2025-03-03,adjust_api,13107.857399999999
2025-03-03,fivetran_facebook,593.910015
2025-03-03,fivetran_google,3169.634797
2025-03-02,adjust_api,14050.9
2025-03-02,fivetran_facebook,618.410009
2025-03-02,fivetran_google,3649.7593100000004
2025-03-01,adjust_api,13400.1375
2025-03-01,fivetran_facebook,609.819996
2025-03-01,fivetran_google,3558.791295
2025-02-28,adjust_api,13727.802
2025-02-28,fivetran_facebook,592.99001
2025-02-28,fivetran_google,3167.191883
2025-02-27,adjust_api,14193.5926
2025-02-27,fivetran_facebook,598.060011
2025-02-27,fivetran_google,3345.057519
2025-02-26,adjust_api,14200.049099999998
2025-02-26,fivetran_facebook,593.9000310000001
2025-02-26,fivetran_google,3767.462808
2025-02-25,adjust_api,13804.431
2025-02-25,fivetran_facebook,599.230032
2025-02-25,fivetran_google,3657.9496839999997
2025-02-24,adjust_api,13927.784500000002
2025-02-24,fivetran_facebook,595.579975
2025-02-24,fivetran_google,3394.5261930000006
2025-02-23,adjust_api,15099.0843
2025-02-23,fivetran_facebook,621.740078
2025-02-23,fivetran_google,3755.560654
2025-02-22,adjust_api,14937.124499999998
2025-02-22,fivetran_facebook,629.7400000000001
2025-02-22,fivetran_google,3757.016561
2025-02-21,adjust_api,14568.6453
2025-02-21,fivetran_facebook,560.490023
2025-02-21,fivetran_google,3767.308216
2025-02-20,adjust_api,14845.741099999997
2025-02-20,fivetran_facebook,575.870038
2025-02-20,fivetran_google,4074.6106339999997
2025-02-19,adjust_api,13622.6378
2025-02-19,fivetran_facebook,580.749979
2025-02-19,fivetran_google,4101.980598
2025-02-18,adjust_api,13226.8551
2025-02-18,fivetran_facebook,578.779991
2025-02-18,fivetran_google,3966.814695
2025-02-17,adjust_api,13857.0517
2025-02-17,fivetran_facebook,599.5000170000001
2025-02-17,fivetran_google,4225.478067
2025-02-16,adjust_api,15035.5563
2025-02-16,fivetran_facebook,667.559958
2025-02-16,fivetran_google,4513.152409
2025-02-15,adjust_api,15695.271499999999
2025-02-15,fivetran_facebook,615.060026
2025-02-15,fivetran_google,4499.953526
2025-02-14,adjust_api,14150.514399999998
2025-02-14,fivetran_facebook,600.310005
2025-02-14,fivetran_google,3637.3171340000004
2025-02-13,adjust_api,14613.116600000001
2025-02-13,fivetran_facebook,562.41997
2025-02-13,fivetran_google,3763.437586
2025-02-12,adjust_api,15702.665400000002
2025-02-12,fivetran_facebook,601.399975
2025-02-12,fivetran_google,4165.199796999999
2025-02-11,adjust_api,15648.851700000001
2025-02-11,fivetran_facebook,586.2500210000001
2025-02-11,fivetran_google,4971.717854
2025-02-10,adjust_api,9698.774300000001
2025-02-10,fivetran_facebook,604.509988
2025-02-10,fivetran_google,3812.6018940000004
2025-02-09,adjust_api,6720.516500000001
2025-02-09,fivetran_facebook,622.500019
2025-02-09,fivetran_google,2863.377857
2025-02-08,adjust_api,6831.6162
2025-02-08,fivetran_facebook,602.780051
2025-02-08,fivetran_google,3112.153853
2025-02-07,adjust_api,6823.5223000000005
2025-02-07,fivetran_facebook,608.419993
2025-02-07,fivetran_google,2812.318581
2025-02-06,adjust_api,11885.934500000001
2025-02-06,fivetran_facebook,570.2800219999999
2025-02-06,fivetran_google,4038.476259
2025-02-05,adjust_api,14364.235
2025-02-05,fivetran_facebook,599.4999809999999
2025-02-05,fivetran_google,4448.738222
2025-02-04,adjust_api,14881.2003
2025-02-04,fivetran_facebook,586.40007
2025-02-04,fivetran_google,4732.8810650000005
2025-02-03,adjust_api,14308.3116
2025-02-03,fivetran_facebook,592.3499509999999
2025-02-03,fivetran_google,4611.32339
2025-02-02,adjust_api,15494.132000000001
2025-02-02,fivetran_facebook,622.5300340000001
2025-02-02,fivetran_google,4490.213088
2025-02-01,adjust_api,14578.178899999999
2025-02-01,fivetran_facebook,608.709977
2025-02-01,fivetran_google,4305.287807000001
2025-01-31,adjust_api,13641.3161
2025-01-31,fivetran_facebook,592.30997
2025-01-31,fivetran_google,3312.7242869999995
2025-01-30,adjust_api,13794.3778
2025-01-30,fivetran_facebook,595.329997
2025-01-30,fivetran_google,3570.539394
2025-01-29,adjust_api,14304.1492
2025-01-29,fivetran_facebook,590.1500199999999
2025-01-29,fivetran_google,3865.533827
2025-01-28,adjust_api,14400.791600000002
2025-01-28,fivetran_facebook,575.5400199999999
2025-01-28,fivetran_google,3914.0769980000005
2025-01-27,adjust_api,13918.0179
2025-01-27,fivetran_facebook,570.329972
2025-01-27,fivetran_google,3942.7627890000003
2025-01-26,adjust_api,14538.198999999999
2025-01-26,fivetran_facebook,646.2100389999999
2025-01-26,fivetran_google,3934.44811
2025-01-25,adjust_api,14274.9817
2025-01-25,fivetran_facebook,624.859981
2025-01-25,fivetran_google,4203.709465
2025-01-24,adjust_api,13739.639099999999
2025-01-24,fivetran_facebook,609.9399799999999
2025-01-24,fivetran_google,4055.282998
2025-01-23,adjust_api,13680.714800000002
2025-01-23,fivetran_facebook,582.61996
2025-01-23,fivetran_google,4202.924798999999
2025-01-22,adjust_api,13991.6682
2025-01-22,fivetran_facebook,588.3699899999999
2025-01-22,fivetran_google,3978.4528470000005
2025-01-21,adjust_api,14017.3146
2025-01-21,fivetran_facebook,561.430003
2025-01-21,fivetran_google,3871.99083
2025-01-20,adjust_api,14183.0167
2025-01-20,fivetran_facebook,600.040037
2025-01-20,fivetran_google,4000.317731
2025-01-19,adjust_api,14719.581999999999
2025-01-19,fivetran_facebook,619.2499959999999
2025-01-19,fivetran_google,4115.103417
2025-01-18,adjust_api,13735.0238
2025-01-18,fivetran_facebook,642.759964
2025-01-18,fivetran_google,4417.465469000001
2025-01-17,adjust_api,13212.888200000001
2025-01-17,fivetran_facebook,595.110019
2025-01-17,fivetran_google,4057.586756
2025-01-16,adjust_api,13929.4303
2025-01-16,fivetran_facebook,579.320047
2025-01-16,fivetran_google,4325.580282999999
2025-01-15,adjust_api,14296.7425
2025-01-15,fivetran_facebook,584.080045
2025-01-15,fivetran_google,3998.17176
2025-01-14,adjust_api,13819.932799999999
2025-01-14,fivetran_facebook,584.759973
2025-01-14,fivetran_google,4009.9767910000005
2025-01-13,adjust_api,13821.025200000002
2025-01-13,fivetran_facebook,583.850012
2025-01-13,fivetran_google,4271.904759
2025-01-12,adjust_api,14772.762400000001
2025-01-12,fivetran_facebook,619.870041
2025-01-12,fivetran_google,4410.46599
2025-01-11,adjust_api,14110.066199999997
2025-01-11,fivetran_facebook,636.590013
2025-01-11,fivetran_google,4437.070581999999
2025-01-10,adjust_api,13394.2934
2025-01-10,fivetran_facebook,597.550022
2025-01-10,fivetran_google,4260.666902
2025-01-09,adjust_api,13620.854
2025-01-09,fivetran_facebook,562.229985
2025-01-09,fivetran_google,4472.208482
2025-01-08,adjust_api,9700.9078
2025-01-08,fivetran_facebook,576.440021
2025-01-08,fivetran_google,4255.156628999999
2025-01-07,adjust_api,8073.8838000000005
2025-01-07,fivetran_facebook,604.8800110000001
2025-01-07,fivetran_google,4126.242131999999
2025-01-06,adjust_api,8299.986
2025-01-06,fivetran_facebook,584.70997
2025-01-06,fivetran_google,4353.324675
2025-01-05,adjust_api,8827.905200000001
2025-01-05,fivetran_facebook,621.6600050000001
2025-01-05,fivetran_google,4414.194858
2025-01-04,adjust_api,8017.3629
2025-01-04,fivetran_facebook,600.510066
2025-01-04,fivetran_google,4316.383909
2025-01-03,adjust_api,7623.052099999999
2025-01-03,fivetran_facebook,607.959969
2025-01-03,fivetran_google,4469.758282000001
2025-01-02,adjust_api,8167.7288
2025-01-02,fivetran_facebook,591.4999660000001
2025-01-02,fivetran_google,4458.791268999999
2025-01-01,adjust_api,8696.420999999998
2025-01-01,fivetran_facebook,599.1300160000001
2025-01-01,fivetran_google,4351.430231
